# ************************************************************
# Sequel Pro SQL dump
# Version 5446
#
# https://www.sequelpro.com/
# https://github.com/sequelpro/sequelpro
#
# Host: 127.0.0.1 (MySQL 5.5.5-10.4.6-MariaDB)
# Database: putri
# Generation Time: 2020-02-23 13:57:12 +0000
# ************************************************************


/*!40101 SET @OLD_CHARACTER_SET_CLIENT=@@CHARACTER_SET_CLIENT */;
/*!40101 SET @OLD_CHARACTER_SET_RESULTS=@@CHARACTER_SET_RESULTS */;
/*!40101 SET @OLD_COLLATION_CONNECTION=@@COLLATION_CONNECTION */;
/*!40101 SET NAMES utf8 */;
SET NAMES utf8mb4;
/*!40014 SET @OLD_FOREIGN_KEY_CHECKS=@@FOREIGN_KEY_CHECKS, FOREIGN_KEY_CHECKS=0 */;
/*!40101 SET @OLD_SQL_MODE=@@SQL_MODE, SQL_MODE='NO_AUTO_VALUE_ON_ZERO' */;
/*!40111 SET @OLD_SQL_NOTES=@@SQL_NOTES, SQL_NOTES=0 */;


# Dump of table daftar_atribut
# ------------------------------------------------------------

DROP TABLE IF EXISTS `daftar_atribut`;

CREATE TABLE `daftar_atribut` (
  `id_atribut` int(5) NOT NULL AUTO_INCREMENT,
  `id_gejala` int(5) NOT NULL,
  `atribut` varchar(100) NOT NULL,
  PRIMARY KEY (`id_atribut`)
) ENGINE=InnoDB DEFAULT CHARSET=latin1;

LOCK TABLES `daftar_atribut` WRITE;
/*!40000 ALTER TABLE `daftar_atribut` DISABLE KEYS */;

INSERT INTO `daftar_atribut` (`id_atribut`, `id_gejala`, `atribut`)
VALUES
	(2,2,'TIDAK'),
	(4,5,'YA'),
	(5,3,'YA'),
	(6,6,'YA'),
	(7,6,'TIDAK'),
	(8,3,'TIDAK'),
	(9,5,'TIDAK'),
	(10,7,'YA'),
	(11,7,'TIDAK'),
	(12,8,'YA'),
	(13,8,'TIDAK'),
	(15,4,'YA'),
	(16,4,'TIDAK'),
	(17,2,'Satu Kali'),
	(18,2,'Dua Kali'),
	(23,9,'YA'),
	(24,9,'TIDAK');

/*!40000 ALTER TABLE `daftar_atribut` ENABLE KEYS */;
UNLOCK TABLES;


# Dump of table daftar_gejala
# ------------------------------------------------------------

DROP TABLE IF EXISTS `daftar_gejala`;

CREATE TABLE `daftar_gejala` (
  `id_gejala` int(5) NOT NULL AUTO_INCREMENT,
  `kode_gejala` varchar(5) NOT NULL,
  `gejala` varchar(200) NOT NULL,
  PRIMARY KEY (`id_gejala`)
) ENGINE=InnoDB DEFAULT CHARSET=latin1;

LOCK TABLES `daftar_gejala` WRITE;
/*!40000 ALTER TABLE `daftar_gejala` DISABLE KEYS */;

INSERT INTO `daftar_gejala` (`id_gejala`, `kode_gejala`, `gejala`)
VALUES
	(2,'G1','Pernah Melakukan Operasi Sesar'),
	(3,'G2','Letak Bayi Sungsang'),
	(4,'G3','Memiliki CPD'),
	(5,'G4','Teridentifikasi Plasenta Previa'),
	(6,'G5','Teridentifikasi PEB'),
	(7,'G6','Teridentifikasi Oligohidroamnion'),
	(8,'G7','Teridentifikasi Hipertensi'),
	(9,'G8','Usia < 20 atau > 35 tahun');

/*!40000 ALTER TABLE `daftar_gejala` ENABLE KEYS */;
UNLOCK TABLES;


# Dump of table daftar_memiliki
# ------------------------------------------------------------

DROP TABLE IF EXISTS `daftar_memiliki`;

CREATE TABLE `daftar_memiliki` (
  `id` int(5) NOT NULL AUTO_INCREMENT,
  `id_user` int(5) NOT NULL,
  `id_gejala` int(5) NOT NULL,
  `id_atribut` int(5) NOT NULL,
  PRIMARY KEY (`id`)
) ENGINE=InnoDB DEFAULT CHARSET=latin1;

LOCK TABLES `daftar_memiliki` WRITE;
/*!40000 ALTER TABLE `daftar_memiliki` DISABLE KEYS */;

INSERT INTO `daftar_memiliki` (`id`, `id_user`, `id_gejala`, `id_atribut`)
VALUES
	(12,51,2,17),
	(13,51,3,8),
	(14,51,4,16),
	(15,51,5,9),
	(16,51,6,7),
	(17,51,7,11),
	(18,51,8,13),
	(19,51,9,24),
	(20,53,2,2),
	(21,53,2,2),
	(22,54,2,2),
	(23,54,2,2),
	(24,58,2,2),
	(25,58,2,2),
	(26,59,2,2),
	(27,59,2,2),
	(28,60,2,2),
	(29,60,2,2),
	(30,61,2,2),
	(31,61,2,2),
	(32,62,2,2),
	(33,62,2,2),
	(34,63,2,2),
	(35,63,2,2),
	(37,68,2,2),
	(38,68,2,2),
	(39,71,2,2),
	(40,71,2,2),
	(41,72,2,2),
	(42,72,2,2),
	(43,73,2,2),
	(44,73,2,2),
	(45,75,2,2),
	(46,75,3,8),
	(47,75,4,16),
	(48,75,5,9),
	(49,75,6,7),
	(50,75,7,11),
	(51,75,8,13),
	(52,75,9,24),
	(53,76,2,2),
	(54,76,3,8),
	(55,76,4,16),
	(56,76,5,9),
	(57,76,6,7),
	(58,76,7,11),
	(59,76,8,13),
	(60,76,9,24),
	(61,77,2,2),
	(62,77,3,5),
	(63,77,4,16),
	(64,77,5,9),
	(65,77,6,7),
	(66,77,7,11),
	(67,77,8,13),
	(68,77,9,24),
	(69,78,2,2),
	(70,78,3,5),
	(71,78,4,16),
	(72,78,5,9),
	(73,78,6,7),
	(74,78,7,11),
	(75,78,8,13),
	(76,78,9,24),
	(77,79,2,17),
	(78,79,3,5),
	(79,79,4,15),
	(80,79,5,9),
	(81,79,6,7),
	(82,79,7,11),
	(83,79,8,13),
	(84,79,9,24),
	(85,80,2,2),
	(86,80,3,8),
	(87,80,4,16),
	(88,80,5,9),
	(89,80,6,7),
	(90,80,7,11),
	(91,80,8,13),
	(92,80,9,24),
	(93,81,2,2),
	(94,81,3,8),
	(95,81,4,16),
	(96,81,5,9),
	(97,81,6,7),
	(98,81,7,11),
	(99,81,8,13),
	(100,81,9,23),
	(101,82,2,2),
	(102,82,3,5),
	(103,82,4,15),
	(104,82,5,4),
	(105,82,6,7),
	(106,82,7,10),
	(107,82,8,12),
	(108,82,9,23),
	(109,83,2,18),
	(110,83,3,5),
	(111,83,4,15),
	(112,83,5,4),
	(113,83,6,6),
	(114,83,7,10),
	(115,83,8,12),
	(116,83,9,24),
	(117,84,2,2),
	(118,84,3,8),
	(119,84,4,15),
	(120,84,5,4),
	(121,84,6,7),
	(122,84,7,11),
	(123,84,8,12),
	(124,84,9,24),
	(125,85,2,17),
	(126,85,3,8),
	(127,85,4,15),
	(128,85,5,4),
	(129,85,6,6),
	(130,85,7,10),
	(131,85,8,12),
	(132,85,9,24),
	(133,86,2,17),
	(134,86,3,8),
	(135,86,4,15),
	(136,86,5,4),
	(137,86,6,6),
	(138,86,7,10),
	(139,86,8,12),
	(140,86,9,24),
	(141,87,2,17),
	(142,87,3,8),
	(143,87,4,15),
	(144,87,5,4),
	(145,87,6,6),
	(146,87,7,10),
	(147,87,8,12),
	(148,87,9,24),
	(149,88,2,17),
	(150,88,3,8),
	(151,88,4,15),
	(152,88,5,4),
	(153,88,6,6),
	(154,88,7,10),
	(155,88,8,12),
	(156,88,9,24),
	(157,89,2,17),
	(158,89,3,8),
	(159,89,4,15),
	(160,89,5,4),
	(161,89,6,6),
	(162,89,7,10),
	(163,89,8,12),
	(164,89,9,24),
	(165,92,2,17),
	(166,92,3,8),
	(167,92,4,15),
	(168,92,5,4),
	(169,92,6,6),
	(170,92,7,10),
	(171,92,8,12),
	(172,92,9,24),
	(173,93,2,17),
	(174,93,3,8),
	(175,93,4,15),
	(176,93,5,4),
	(177,93,6,6),
	(178,93,7,10),
	(179,93,8,12),
	(180,93,9,24),
	(181,94,2,17),
	(182,94,3,8),
	(183,94,4,15),
	(184,94,5,4),
	(185,94,6,6),
	(186,94,7,10),
	(187,94,8,12),
	(188,94,9,24),
	(189,95,2,17),
	(190,95,3,8),
	(191,95,4,15),
	(192,95,5,4),
	(193,95,6,6),
	(194,95,7,10),
	(195,95,8,12),
	(196,95,9,24),
	(197,96,2,17),
	(198,96,3,8),
	(199,96,4,15),
	(200,96,5,4),
	(201,96,6,6),
	(202,96,7,10),
	(203,96,8,12),
	(204,96,9,24),
	(205,97,2,17),
	(206,97,3,8),
	(207,97,4,15),
	(208,97,5,4),
	(209,97,6,6),
	(210,97,7,10),
	(211,97,8,12),
	(212,97,9,24),
	(213,98,2,17),
	(214,98,3,8),
	(215,98,4,15),
	(216,98,5,4),
	(217,98,6,6),
	(218,98,7,10),
	(219,98,8,12),
	(220,98,9,24),
	(221,99,2,17),
	(222,99,3,8),
	(223,99,4,15),
	(224,99,5,4),
	(225,99,6,6),
	(226,99,7,10),
	(227,99,8,12),
	(228,99,9,24),
	(229,100,2,17),
	(230,100,3,8),
	(231,100,4,15),
	(232,100,5,4),
	(233,100,6,6),
	(234,100,7,10),
	(235,100,8,12),
	(236,100,9,24),
	(237,101,2,17),
	(238,101,3,8),
	(239,101,4,15),
	(240,101,5,4),
	(241,101,6,6),
	(242,101,7,10),
	(243,101,8,12),
	(244,101,9,24),
	(245,102,2,17),
	(246,102,3,8),
	(247,102,4,15),
	(248,102,5,4),
	(249,102,6,6),
	(250,102,7,10),
	(251,102,8,12),
	(252,102,9,24);

/*!40000 ALTER TABLE `daftar_memiliki` ENABLE KEYS */;
UNLOCK TABLES;


# Dump of table daftar_penyakit
# ------------------------------------------------------------

DROP TABLE IF EXISTS `daftar_penyakit`;

CREATE TABLE `daftar_penyakit` (
  `id_penyakit` int(5) NOT NULL AUTO_INCREMENT,
  `penyakit` varchar(50) NOT NULL,
  PRIMARY KEY (`id_penyakit`)
) ENGINE=InnoDB DEFAULT CHARSET=latin1;

LOCK TABLES `daftar_penyakit` WRITE;
/*!40000 ALTER TABLE `daftar_penyakit` DISABLE KEYS */;

INSERT INTO `daftar_penyakit` (`id_penyakit`, `penyakit`)
VALUES
	(1,'Persalinan Normal'),
	(2,'Persalinan Sectio Caesarea');

/*!40000 ALTER TABLE `daftar_penyakit` ENABLE KEYS */;
UNLOCK TABLES;


# Dump of table daftar_probabilitas
# ------------------------------------------------------------

DROP TABLE IF EXISTS `daftar_probabilitas`;

CREATE TABLE `daftar_probabilitas` (
  `id_prob` int(5) NOT NULL AUTO_INCREMENT,
  PRIMARY KEY (`id_prob`)
) ENGINE=InnoDB DEFAULT CHARSET=latin1;



# Dump of table daftar_user
# ------------------------------------------------------------

DROP TABLE IF EXISTS `daftar_user`;

CREATE TABLE `daftar_user` (
  `id_user` int(5) NOT NULL AUTO_INCREMENT,
  `username` varchar(50) DEFAULT NULL,
  `nama` varchar(35) DEFAULT NULL,
  `level` varchar(50) DEFAULT 'pasien',
  `password` varchar(255) DEFAULT NULL,
  `tgl_lahir` date DEFAULT NULL,
  `tgl_diagnosa` date DEFAULT NULL,
  `hasil` varchar(30) DEFAULT '',
  `keterangan` varchar(35) DEFAULT '',
  `noip` varchar(50) DEFAULT '',
  `hasil_fc` varchar(50) DEFAULT NULL,
  PRIMARY KEY (`id_user`)
) ENGINE=InnoDB DEFAULT CHARSET=latin1;

LOCK TABLES `daftar_user` WRITE;
/*!40000 ALTER TABLE `daftar_user` DISABLE KEYS */;

INSERT INTO `daftar_user` (`id_user`, `username`, `nama`, `level`, `password`, `tgl_lahir`, `tgl_diagnosa`, `hasil`, `keterangan`, `noip`, `hasil_fc`)
VALUES
	(4,'admin','Kia','admin','5f4dcc3b5aa765d61d8327deb882cf99','1988-01-01',NULL,'0','','0',NULL),
	(11,'admin123','Sharion','admin','d8578edf8458ce06fbc5bb76a58c5ca4','1993-02-01',NULL,'0','','0',NULL),
	(51,'','p1','pasien','d8578edf8458ce06fbc5bb76a58c5ca4','1993-02-01',NULL,'Persalinan Normal','','',NULL),
	(53,'1573964331','Pasien 12','pasien','5f4dcc3b5aa765d61d8327deb882cf99','2019-11-12',NULL,'','','',NULL),
	(54,'1573964406','P2','pasien','5f4dcc3b5aa765d61d8327deb882cf99','2019-11-07',NULL,'','','',NULL),
	(55,'1573964421','P2','pasien','5f4dcc3b5aa765d61d8327deb882cf99','2019-11-05',NULL,'','','',NULL),
	(57,'1573964555','Nama','pasien','5f4dcc3b5aa765d61d8327deb882cf99','2019-11-05',NULL,'','','',NULL),
	(58,'1573964613','Nama pas','pasien','5f4dcc3b5aa765d61d8327deb882cf99','2019-11-05',NULL,'','','',NULL),
	(59,'1573964637','Nama pas','pasien','5f4dcc3b5aa765d61d8327deb882cf99','2019-11-05',NULL,'','','',NULL),
	(60,'1573964679','Nama pas','pasien','5f4dcc3b5aa765d61d8327deb882cf99','2019-11-05',NULL,'','','',NULL),
	(61,'1573964704','Nama pas','pasien','5f4dcc3b5aa765d61d8327deb882cf99','2019-11-05',NULL,'','','',NULL),
	(62,'1573964714','Nama pas','pasien','5f4dcc3b5aa765d61d8327deb882cf99','2019-11-05',NULL,'','','',NULL),
	(63,'1573964765','Nama pas','pasien','5f4dcc3b5aa765d61d8327deb882cf99','2019-11-05',NULL,'','','',NULL),
	(64,'1573964794','Nama pas','pasien','5f4dcc3b5aa765d61d8327deb882cf99','2019-11-05',NULL,'','','',NULL),
	(65,'1573964817','Nama pas','pasien','5f4dcc3b5aa765d61d8327deb882cf99','2019-11-05',NULL,'','','',NULL),
	(67,'1573964935','Nama pas','pasien','5f4dcc3b5aa765d61d8327deb882cf99','2019-11-05',NULL,'','','',NULL),
	(68,'1573964977','Nama pas','pasien','5f4dcc3b5aa765d61d8327deb882cf99','2019-11-05',NULL,'','','',NULL),
	(71,'1573965178','Nama Pengguna','pasien','5f4dcc3b5aa765d61d8327deb882cf99','2019-11-12',NULL,'','','',NULL),
	(72,'1573965195','Nama Pengguna','pasien','5f4dcc3b5aa765d61d8327deb882cf99','2019-11-12',NULL,'','','',NULL),
	(73,'1573965214','Nama Pengguna','pasien','5f4dcc3b5aa765d61d8327deb882cf99','2019-11-12',NULL,'','','',NULL),
	(74,'1573965242','Nama Pengguna','pasien','5f4dcc3b5aa765d61d8327deb882cf99','2019-11-12',NULL,'','','',NULL),
	(75,'1573965408','Nama Pengguna','pasien','5f4dcc3b5aa765d61d8327deb882cf99','2019-11-12',NULL,'','','',NULL),
	(76,'1573965431','Pasien','pasien','5f4dcc3b5aa765d61d8327deb882cf99','2019-11-07',NULL,'','','',NULL),
	(77,'1573965454','Hendi Susanto','pasien','5f4dcc3b5aa765d61d8327deb882cf99','2017-11-14',NULL,'','','',NULL),
	(78,'1573965480','Hendi Susanto','pasien','5f4dcc3b5aa765d61d8327deb882cf99','2017-11-14',NULL,'','','',NULL),
	(79,'1573965499','Pasien 1','pasien','5f4dcc3b5aa765d61d8327deb882cf99','2019-11-06',NULL,'','','',NULL),
	(80,'1573965954','Pasien 12','pasien','5f4dcc3b5aa765d61d8327deb882cf99','1996-11-05',NULL,'','','',NULL),
	(81,'1573965971','Pasien 12','pasien','5f4dcc3b5aa765d61d8327deb882cf99','2014-11-12',NULL,'','','',NULL),
	(82,'1577532395','Nama','pasien','5f4dcc3b5aa765d61d8327deb882cf99','2000-12-01',NULL,'','','',NULL),
	(83,'1580897700','Nama','pasien','5f4dcc3b5aa765d61d8327deb882cf99','1999-02-04',NULL,'','','',NULL),
	(84,'1581249065','Pasien','pasien','5f4dcc3b5aa765d61d8327deb882cf99','1999-02-04',NULL,'','','',NULL),
	(85,'1581250248','Pasien','pasien','5f4dcc3b5aa765d61d8327deb882cf99','1999-02-04',NULL,'','','',NULL),
	(86,'1581250291','Pasien','pasien','5f4dcc3b5aa765d61d8327deb882cf99','1999-02-04',NULL,'','','',NULL),
	(87,'1581250312','Pasien','pasien','5f4dcc3b5aa765d61d8327deb882cf99','1999-02-04',NULL,'','','',NULL),
	(88,'1581250335','Pasien','pasien','5f4dcc3b5aa765d61d8327deb882cf99','1999-02-04',NULL,'','','',NULL),
	(89,'1581250359','Pasien','pasien','5f4dcc3b5aa765d61d8327deb882cf99','1999-02-04',NULL,'','','',NULL),
	(90,'1581250388','Pasien','pasien','5f4dcc3b5aa765d61d8327deb882cf99','1999-02-04',NULL,'','','',NULL),
	(91,'1581250407','Pasien','pasien','5f4dcc3b5aa765d61d8327deb882cf99','1999-02-04',NULL,'','','',NULL),
	(92,'1581250442','Pasien','pasien','5f4dcc3b5aa765d61d8327deb882cf99','1999-02-04',NULL,'','','',NULL),
	(93,'1581250461','Pasien','pasien','5f4dcc3b5aa765d61d8327deb882cf99','1999-02-04',NULL,'','','',NULL),
	(94,'1581250487','Pasien','pasien','5f4dcc3b5aa765d61d8327deb882cf99','1999-02-04',NULL,'','','',NULL),
	(95,'1581250532','Pasien','pasien','5f4dcc3b5aa765d61d8327deb882cf99','1999-02-04',NULL,'','','',NULL),
	(96,'1581250559','Pasien','pasien','5f4dcc3b5aa765d61d8327deb882cf99','1999-02-04',NULL,'','','',NULL),
	(97,'1581250814','Pasien','pasien','5f4dcc3b5aa765d61d8327deb882cf99','1999-02-04',NULL,'','','',NULL),
	(98,'1581250851','Pasien','pasien','5f4dcc3b5aa765d61d8327deb882cf99','1999-02-04',NULL,'','','',NULL),
	(99,'1581250879','Pasien','pasien','5f4dcc3b5aa765d61d8327deb882cf99','1999-02-04',NULL,'','','',NULL),
	(100,'1581250888','Pasien','pasien','5f4dcc3b5aa765d61d8327deb882cf99','1999-02-04',NULL,'','','',NULL),
	(101,'1581250896','Pasien','pasien','5f4dcc3b5aa765d61d8327deb882cf99','1999-02-04',NULL,'','','',NULL),
	(102,'1581250923','Pasien','pasien','5f4dcc3b5aa765d61d8327deb882cf99','1999-02-04',NULL,'','','',NULL);

/*!40000 ALTER TABLE `daftar_user` ENABLE KEYS */;
UNLOCK TABLES;


# Dump of table info
# ------------------------------------------------------------

DROP TABLE IF EXISTS `info`;

CREATE TABLE `info` (
  `id_info` int(2) NOT NULL AUTO_INCREMENT,
  `nama` text NOT NULL,
  `gambar` varchar(100) NOT NULL,
  `ket` text NOT NULL,
  PRIMARY KEY (`id_info`)
) ENGINE=InnoDB DEFAULT CHARSET=latin1;

LOCK TABLES `info` WRITE;
/*!40000 ALTER TABLE `info` DISABLE KEYS */;

INSERT INTO `info` (`id_info`, `nama`, `gambar`, `ket`)
VALUES
	(1,'Selamat datang di <strong>SiPPerS</strong> (Sistem Pengambilan Keputusan Persalinan)','99mainImg.png','SiPPerS merupakan sistem pakar untuk menentukan proses persalinan berbasis web. SiPPerS bertujuan untuk memberikan informasi kepada ibu hamil tentang proses persalinan serta langkah apa saja yang harus dilakukan untuk mempersiapkan proses persalinan.'),
	(2,'Berikut adalah penjelasan secara umum tentang persalinan','15550_102182344.jpg','Persalinan adalah proses yang alami yang berlangsung dengan sendirinya tetapi persalinan pada manusia setiap saat terancam penyulit yang membahayakan ibu maupun janinnya sehingga memerlukan pengawasan, pertolongan dan pelayanan dengan fasilitas yang memadai\r\n<br/>\r\n<br/>\r\n\r\nDalam proses kehamilan, proses persalinan merupakan kejadian fisiologi yang normal dialami oleh seorang ibu. Proses persalinan merupakan hal yang dinanti oleh setiap ibu yang sedang melahirkan. Dalam proses persalinan terdapat dua jenis proses persalinan yaitu secara normal atau sectio caesarea. Sectio caesarea adalah suatu cara melahirkan janin dengan membuat sayatan pada dinding depan perut atau vagina. Dalam proses persalinan terdapat resiko persalinan yang dihadapi yaitu komplikasi ibu melahirkan yang dapat memperburuk kondisi ibu melahirkan. Resiko terburuk yang dapat terjadi adalah kematian ibu dan atau bayi yang baru dilahirkan'),
	(3,'Sharing','1sharing.png','SiPPerS membagikan informasi kepada masyarakat tentang apa itu persalinan, penyebab serta dampaknya. Sehingga masyarakat dengan mandiri dapat melakukan pencegahan maupun cara penanganan yang tepat bagi penderita.'),
	(4,'Diagnosa','47diagnosis.png','SiPPerS menyediakan layanan untuk melakukan cek atau diagnosa secara mandiri bagi masyarakat.'),
	(5,'SiPPerS menyediakan layanan untuk membantu pengambilan keputusan dalam proses persalinan secara mandiri apakah anda melahirkan secara normal atau secara <i>sectio caesarea</i>.','54tes.png','Keakuratan informasi yang diberikanpun tidak jauh berbeda dengan seorang dokter karena SiPPerS bekerja sama dengan pakar kehamilan serta mengambil data dari jurnal - jurnal yang terkait. Untuk melakukan tes, anda akan diberikan beberapa pertanyaan tentang kondisi anda saat ini, dan di bagian akhir pertanyaan anda dapat melihat hasil serta rekomendasi dari sistem.'),
	(6,'Putri Laksita Kumalasari <br> <span>4611414011</span>','71favicon.png','Teknik Informatika <br/>\r\nJurusan Ilmu Komputer <br/>\r\nFakultas Matematika dan Ilmu Pengetahuan Alam <br/.>\r\nUniversitas Negeri Semarang'),
	(7,'PENGETAHUAN','2300px-No_image_available.svg.png','Langkah paling awal untuk membuat sistem pakar adalah dengan menggali informasi tentang suatu masalah yang akan dipecahkan dengan bantuan seorang pakar maupun sumber pengetahuan lainya seperti buku.'),
	(8,'NAIVE BAYES','61300px-No_image_available.svg.png','Data yang didaptakan dari pakar maupun buku berupa probabilitas tentang persalinan. Data ini kemudian digunakan untuk menentukan aturan sistem dalam menentukan keputusan.'),
	(9,'FORWARD CHAINING','76300px-No_image_available.svg.png','Pencocokan jawaban yang dipilih oleh pengguna dengan hipotesis yang terdapat pada setiap aturan yang tersimpan dalam sistem. Aturan-aturan didapatkan dari pakar dengan melakukan wawancara serta kuesioner berkaitan mengenai gejala serta proses persalinan. Aturan ini kemudian digunakan untuk menentukan keputusan dalam persalinan.'),
	(10,'KEAKURATAN','54300px-No_image_available.svg.png','Pada Sistem pakar ini tingkat keakuratan sistem akan dengan melalakukan perbandingan antara data yang telah diolah sistem dengan data asli pasien dari rumah sakit.'),
	(11,'Diagnosa Mandiri','55konsultasi.png','Disini, anda dapat melakukan diagnosa mandiri untuk mengetahui proses persalinan apa yang sebaiknya ada lakukan apakah persalinan normal atau sectio caesarea. Anda hanya perlu menjawab setiap pertanyaan berkaitan dengan kondisi / keluhan yang anda rasakan saat ini. Kemudian sistem akan melakukan prediksi berdasarkan jawaban anda.');

/*!40000 ALTER TABLE `info` ENABLE KEYS */;
UNLOCK TABLES;


# Dump of table konsul_diagnosa
# ------------------------------------------------------------

DROP TABLE IF EXISTS `konsul_diagnosa`;

CREATE TABLE `konsul_diagnosa` (
  `id_kd` int(5) NOT NULL AUTO_INCREMENT,
  `gejala_dan_kerusakan` varchar(200) NOT NULL,
  `bila_salah` int(2) NOT NULL,
  `bila_benar` int(2) NOT NULL,
  `mulai` char(1) NOT NULL,
  `selesai` char(1) NOT NULL,
  PRIMARY KEY (`id_kd`)
) ENGINE=InnoDB DEFAULT CHARSET=latin1;

LOCK TABLES `konsul_diagnosa` WRITE;
/*!40000 ALTER TABLE `konsul_diagnosa` DISABLE KEYS */;

INSERT INTO `konsul_diagnosa` (`id_kd`, `gejala_dan_kerusakan`, `bila_salah`, `bila_benar`, `mulai`, `selesai`)
VALUES
	(1,'Tidak teridentifikasi',1,1,'N','Y'),
	(2,'Pernah Operasi Sesar',1,2,'Y','N'),
	(3,'Letak Bayi Sungsang',1,1,'N','Y'),
	(4,'Memiliki CPD (Cephalopelvic Disproportion )',1,1,'N','Y'),
	(5,'Teridentifikasi Plasenta Previa',1,1,'N','Y'),
	(6,'Teridentifikasi PEB (Pre Eklamsia Berat)',1,1,'N','Y'),
	(7,'Teridentifikasi Oligohidroamnion',1,1,'N','Y'),
	(8,'Teridentifikasi Hipertensi',1,1,'N','Y'),
	(9,'Persalinan Secara Operasi Sesar',1,1,'N','Y'),
	(10,'Persalinan Normal',1,1,'N','Y');

/*!40000 ALTER TABLE `konsul_diagnosa` ENABLE KEYS */;
UNLOCK TABLES;


# Dump of table memiliki
# ------------------------------------------------------------

DROP TABLE IF EXISTS `memiliki`;

CREATE TABLE `memiliki` (
  `id_kd` int(5) NOT NULL,
  `id_solusi` int(5) NOT NULL
) ENGINE=InnoDB DEFAULT CHARSET=latin1;

LOCK TABLES `memiliki` WRITE;
/*!40000 ALTER TABLE `memiliki` DISABLE KEYS */;

INSERT INTO `memiliki` (`id_kd`, `id_solusi`)
VALUES
	(1,2),
	(2,3);

/*!40000 ALTER TABLE `memiliki` ENABLE KEYS */;
UNLOCK TABLES;


# Dump of table menganalisa
# ------------------------------------------------------------

DROP TABLE IF EXISTS `menganalisa`;

CREATE TABLE `menganalisa` (
  `id_ahd` int(5) NOT NULL AUTO_INCREMENT,
  `id_user` int(5) NOT NULL,
  `id_kd` int(5) NOT NULL,
  `tgl_diagnosa` date NOT NULL,
  PRIMARY KEY (`id_ahd`)
) ENGINE=InnoDB DEFAULT CHARSET=latin1;



# Dump of table nbc_atribut
# ------------------------------------------------------------

DROP TABLE IF EXISTS `nbc_atribut`;

CREATE TABLE `nbc_atribut` (
  `id_atribut` tinyint(3) unsigned NOT NULL AUTO_INCREMENT,
  `atribut` varchar(100) NOT NULL,
  PRIMARY KEY (`id_atribut`)
) ENGINE=MyISAM DEFAULT CHARSET=utf8mb4;

LOCK TABLES `nbc_atribut` WRITE;
/*!40000 ALTER TABLE `nbc_atribut` DISABLE KEYS */;

INSERT INTO `nbc_atribut` (`id_atribut`, `atribut`)
VALUES
	(2,'Usia Lebih dari 36 Tahun'),
	(3,'Memiliki Riwayat Sesar'),
	(4,'L. Sungsang'),
	(5,'CPD'),
	(6,'Plasenta Previa'),
	(7,'PEB'),
	(8,'Oligohid Roamino'),
	(9,'Hipertensi'),
	(1,'Melahirkan dengan Cesar');

/*!40000 ALTER TABLE `nbc_atribut` ENABLE KEYS */;
UNLOCK TABLES;


# Dump of table nbc_data
# ------------------------------------------------------------

DROP TABLE IF EXISTS `nbc_data`;

CREATE TABLE `nbc_data` (
  `id_data` int(11) unsigned NOT NULL AUTO_INCREMENT,
  `id_responden` tinyint(3) unsigned NOT NULL,
  `id_atribut` tinyint(3) unsigned NOT NULL,
  `id_parameter` tinyint(3) unsigned NOT NULL,
  PRIMARY KEY (`id_data`)
) ENGINE=MyISAM DEFAULT CHARSET=utf8mb4;

LOCK TABLES `nbc_data` WRITE;
/*!40000 ALTER TABLE `nbc_data` DISABLE KEYS */;

INSERT INTO `nbc_data` (`id_data`, `id_responden`, `id_atribut`, `id_parameter`)
VALUES
	(1,1,1,0),
	(2,1,2,0),
	(3,1,3,0),
	(4,1,4,0),
	(5,1,5,0),
	(6,1,6,0),
	(7,1,7,0),
	(8,1,8,0),
	(9,1,9,0),
	(10,2,1,0),
	(11,2,2,0),
	(12,2,3,0),
	(13,2,4,0),
	(14,2,5,0),
	(15,2,6,0),
	(16,2,7,0),
	(17,2,8,0),
	(18,2,9,0),
	(19,3,1,0),
	(20,3,2,0),
	(21,3,3,0),
	(22,3,4,0),
	(23,3,5,0),
	(24,3,6,0),
	(25,3,7,0),
	(26,3,8,0),
	(27,3,9,0),
	(28,4,1,0),
	(29,4,2,0),
	(30,4,3,0),
	(31,4,4,0),
	(32,4,5,0),
	(33,4,6,0),
	(34,4,7,0),
	(35,4,8,0),
	(36,4,9,0),
	(37,5,1,0),
	(38,5,2,0),
	(39,5,3,0),
	(40,5,4,0),
	(41,5,5,0),
	(42,5,6,0),
	(43,5,7,0),
	(44,5,8,0),
	(45,5,9,0),
	(46,6,1,0),
	(47,6,2,0),
	(48,6,3,0),
	(49,6,4,0),
	(50,6,5,0),
	(51,6,6,0),
	(52,6,7,0),
	(53,6,8,0),
	(54,6,9,0),
	(55,7,1,0),
	(56,7,2,0),
	(57,7,3,0),
	(58,7,4,0),
	(59,7,5,0),
	(60,7,6,0),
	(61,7,7,0),
	(62,7,8,0),
	(63,7,9,0),
	(64,8,1,0),
	(65,8,2,0),
	(66,8,3,0),
	(67,8,4,0),
	(68,8,5,0),
	(69,8,6,0),
	(70,8,7,0),
	(71,8,8,0),
	(72,8,9,0),
	(73,9,1,0),
	(74,9,2,0),
	(75,9,3,0),
	(76,9,4,0),
	(77,9,5,0),
	(78,9,6,0),
	(79,9,7,0),
	(80,9,8,0),
	(81,9,9,0),
	(82,10,1,0),
	(83,10,2,0),
	(84,10,3,0),
	(85,10,4,0),
	(86,10,5,0),
	(87,10,6,0),
	(88,10,7,0),
	(89,10,8,0),
	(90,10,9,0),
	(91,11,1,0),
	(92,11,2,0),
	(93,11,3,0),
	(94,11,4,0),
	(95,11,5,0),
	(96,11,6,0),
	(97,11,7,0),
	(98,11,8,0),
	(99,11,9,0),
	(100,12,1,0),
	(101,12,2,0),
	(102,12,3,0),
	(103,12,4,0),
	(104,12,5,0),
	(105,12,6,0),
	(106,12,7,0),
	(107,12,8,0),
	(108,12,9,0),
	(109,13,1,0),
	(110,13,2,0),
	(111,13,3,0),
	(112,13,4,0),
	(113,13,5,0),
	(114,13,6,0),
	(115,13,7,0),
	(116,13,8,0),
	(117,13,9,0),
	(118,14,1,0),
	(119,14,2,0),
	(120,14,3,0),
	(121,14,4,0),
	(122,14,5,0),
	(123,14,6,0),
	(124,14,7,0),
	(125,14,8,0),
	(126,14,9,0),
	(127,15,1,0),
	(128,15,2,0),
	(129,15,3,0),
	(130,15,4,0),
	(131,15,5,0),
	(132,15,6,0),
	(133,15,7,0),
	(134,15,8,0),
	(135,15,9,0),
	(136,16,1,0),
	(137,16,2,0),
	(138,16,3,0),
	(139,16,4,0),
	(140,16,5,0),
	(141,16,6,0),
	(142,16,7,0),
	(143,16,8,0),
	(144,16,9,0),
	(145,17,1,0),
	(146,17,2,0),
	(147,17,3,0),
	(148,17,4,0),
	(149,17,5,0),
	(150,17,6,0),
	(151,17,7,0),
	(152,17,8,0),
	(153,17,9,0),
	(154,18,1,0),
	(155,18,2,0),
	(156,18,3,0),
	(157,18,4,0),
	(158,18,5,0),
	(159,18,6,0),
	(160,18,7,0),
	(161,18,8,0),
	(162,18,9,0),
	(163,19,1,0),
	(164,19,2,0),
	(165,19,3,0),
	(166,19,4,0),
	(167,19,5,0),
	(168,19,6,0),
	(169,19,7,0),
	(170,19,8,0),
	(171,19,9,0),
	(172,20,1,0),
	(173,20,2,0),
	(174,20,3,0),
	(175,20,4,0),
	(176,20,5,0),
	(177,20,6,0),
	(178,20,7,0),
	(179,20,8,0),
	(180,20,9,0),
	(181,21,1,0),
	(182,21,2,0),
	(183,21,3,0),
	(184,21,4,0),
	(185,21,5,0),
	(186,21,6,0),
	(187,21,7,0),
	(188,21,8,0),
	(189,21,9,0),
	(190,22,1,0),
	(191,22,2,0),
	(192,22,3,0),
	(193,22,4,0),
	(194,22,5,0),
	(195,22,6,0),
	(196,22,7,0),
	(197,22,8,0),
	(198,22,9,0),
	(199,23,1,0),
	(200,23,2,0),
	(201,23,3,0),
	(202,23,4,0),
	(203,23,5,0),
	(204,23,6,0),
	(205,23,7,0),
	(206,23,8,0),
	(207,23,9,0),
	(208,24,1,0),
	(209,24,2,0),
	(210,24,3,0),
	(211,24,4,0),
	(212,24,5,0),
	(213,24,6,0),
	(214,24,7,1),
	(215,24,8,0),
	(216,24,9,0),
	(217,25,1,0),
	(218,25,2,0),
	(219,25,3,0),
	(220,25,4,0),
	(221,25,5,0),
	(222,25,6,0),
	(223,25,7,0),
	(224,25,8,0),
	(225,25,9,0),
	(226,26,1,0),
	(227,26,2,0),
	(228,26,3,0),
	(229,26,4,0),
	(230,26,5,0),
	(231,26,6,0),
	(232,26,7,0),
	(233,26,8,0),
	(234,26,9,0),
	(235,27,1,0),
	(236,27,2,0),
	(237,27,3,0),
	(238,27,4,0),
	(239,27,5,0),
	(240,27,6,0),
	(241,27,7,0),
	(242,27,8,0),
	(243,27,9,0),
	(244,28,1,0),
	(245,28,2,0),
	(246,28,3,0),
	(247,28,4,0),
	(248,28,5,0),
	(249,28,6,0),
	(250,28,7,0),
	(251,28,8,0),
	(252,28,9,0),
	(253,29,1,0),
	(254,29,2,0),
	(255,29,3,0),
	(256,29,4,0),
	(257,29,5,0),
	(258,29,6,0),
	(259,29,7,0),
	(260,29,8,0),
	(261,29,9,0),
	(262,30,1,0),
	(263,30,2,0),
	(264,30,3,0),
	(265,30,4,0),
	(266,30,5,0),
	(267,30,6,0),
	(268,30,7,0),
	(269,30,8,0),
	(270,30,9,0),
	(271,31,1,0),
	(272,31,2,0),
	(273,31,3,0),
	(274,31,4,0),
	(275,31,5,0),
	(276,31,6,0),
	(277,31,7,1),
	(278,31,8,0),
	(279,31,9,0),
	(280,32,1,0),
	(281,32,2,0),
	(282,32,3,0),
	(283,32,4,0),
	(284,32,5,0),
	(285,32,6,0),
	(286,32,7,0),
	(287,32,8,0),
	(288,32,9,0),
	(289,33,1,0),
	(290,33,2,0),
	(291,33,3,0),
	(292,33,4,0),
	(293,33,5,0),
	(294,33,6,0),
	(295,33,7,0),
	(296,33,8,0),
	(297,33,9,0),
	(298,34,1,0),
	(299,34,2,0),
	(300,34,3,0),
	(301,34,4,0),
	(302,34,5,0),
	(303,34,6,0),
	(304,34,7,0),
	(305,34,8,0),
	(306,34,9,0),
	(307,35,1,0),
	(308,35,2,0),
	(309,35,3,0),
	(310,35,4,0),
	(311,35,5,0),
	(312,35,6,0),
	(313,35,7,0),
	(314,35,8,0),
	(315,35,9,0),
	(316,36,1,0),
	(317,36,2,0),
	(318,36,3,0),
	(319,36,4,1),
	(320,36,5,0),
	(321,36,6,0),
	(322,36,7,0),
	(323,36,8,0),
	(324,36,9,0),
	(325,37,1,0),
	(326,37,2,0),
	(327,37,3,0),
	(328,37,4,1),
	(329,37,5,0),
	(330,37,6,0),
	(331,37,7,0),
	(332,37,8,0),
	(333,37,9,0),
	(334,38,1,0),
	(335,38,2,0),
	(336,38,3,0),
	(337,38,4,0),
	(338,38,5,0),
	(339,38,6,0),
	(340,38,7,0),
	(341,38,8,0),
	(342,38,9,0),
	(343,39,1,0),
	(344,39,2,0),
	(345,39,3,0),
	(346,39,4,0),
	(347,39,5,0),
	(348,39,6,0),
	(349,39,7,0),
	(350,39,8,0),
	(351,39,9,0),
	(352,40,1,0),
	(353,40,2,0),
	(354,40,3,0),
	(355,40,4,0),
	(356,40,5,0),
	(357,40,6,0),
	(358,40,7,0),
	(359,40,8,0),
	(360,40,9,0),
	(361,41,1,0),
	(362,41,2,0),
	(363,41,3,0),
	(364,41,4,0),
	(365,41,5,0),
	(366,41,6,0),
	(367,41,7,0),
	(368,41,8,0),
	(369,41,9,0),
	(370,42,1,0),
	(371,42,2,0),
	(372,42,3,0),
	(373,42,4,0),
	(374,42,5,0),
	(375,42,6,0),
	(376,42,7,0),
	(377,42,8,0),
	(378,42,9,0),
	(379,43,1,0),
	(380,43,2,0),
	(381,43,3,0),
	(382,43,4,0),
	(383,43,5,0),
	(384,43,6,0),
	(385,43,7,0),
	(386,43,8,0),
	(387,43,9,0),
	(388,44,1,0),
	(389,44,2,0),
	(390,44,3,0),
	(391,44,4,0),
	(392,44,5,0),
	(393,44,6,0),
	(394,44,7,0),
	(395,44,8,0),
	(396,44,9,0),
	(397,45,1,0),
	(398,45,2,0),
	(399,45,3,0),
	(400,45,4,0),
	(401,45,5,0),
	(402,45,6,0),
	(403,45,7,0),
	(404,45,8,0),
	(405,45,9,0),
	(406,46,1,0),
	(407,46,2,0),
	(408,46,3,0),
	(409,46,4,0),
	(410,46,5,0),
	(411,46,6,0),
	(412,46,7,0),
	(413,46,8,0),
	(414,46,9,0),
	(415,47,1,0),
	(416,47,2,0),
	(417,47,3,0),
	(418,47,4,0),
	(419,47,5,0),
	(420,47,6,0),
	(421,47,7,0),
	(422,47,8,0),
	(423,47,9,0),
	(424,48,1,0),
	(425,48,2,0),
	(426,48,3,0),
	(427,48,4,0),
	(428,48,5,0),
	(429,48,6,0),
	(430,48,7,0),
	(431,48,8,0),
	(432,48,9,0),
	(433,49,1,0),
	(434,49,2,0),
	(435,49,3,0),
	(436,49,4,0),
	(437,49,5,0),
	(438,49,6,0),
	(439,49,7,0),
	(440,49,8,0),
	(441,49,9,0),
	(442,50,1,0),
	(443,50,2,0),
	(444,50,3,0),
	(445,50,4,1),
	(446,50,5,0),
	(447,50,6,0),
	(448,50,7,0),
	(449,50,8,0),
	(450,50,9,0),
	(451,51,1,0),
	(452,51,2,0),
	(453,51,3,0),
	(454,51,4,0),
	(455,51,5,0),
	(456,51,6,0),
	(457,51,7,0),
	(458,51,8,0),
	(459,51,9,0),
	(460,52,1,0),
	(461,52,2,0),
	(462,52,3,0),
	(463,52,4,0),
	(464,52,5,0),
	(465,52,6,0),
	(466,52,7,0),
	(467,52,8,0),
	(468,52,9,0),
	(469,53,1,0),
	(470,53,2,0),
	(471,53,3,0),
	(472,53,4,0),
	(473,53,5,0),
	(474,53,6,0),
	(475,53,7,0),
	(476,53,8,0),
	(477,53,9,0),
	(478,54,1,0),
	(479,54,2,0),
	(480,54,3,0),
	(481,54,4,0),
	(482,54,5,0),
	(483,54,6,0),
	(484,54,7,0),
	(485,54,8,0),
	(486,54,9,0),
	(487,55,1,0),
	(488,55,2,0),
	(489,55,3,0),
	(490,55,4,0),
	(491,55,5,0),
	(492,55,6,0),
	(493,55,7,0),
	(494,55,8,0),
	(495,55,9,0),
	(496,56,1,0),
	(497,56,2,0),
	(498,56,3,0),
	(499,56,4,0),
	(500,56,5,0),
	(501,56,6,0),
	(502,56,7,0),
	(503,56,8,0),
	(504,56,9,0),
	(505,57,1,0),
	(506,57,2,0),
	(507,57,3,0),
	(508,57,4,0),
	(509,57,5,0),
	(510,57,6,0),
	(511,57,7,0),
	(512,57,8,1),
	(513,57,9,0),
	(514,58,1,0),
	(515,58,2,0),
	(516,58,3,0),
	(517,58,4,0),
	(518,58,5,0),
	(519,58,6,0),
	(520,58,7,0),
	(521,58,8,1),
	(522,58,9,0),
	(523,59,1,0),
	(524,59,2,0),
	(525,59,3,0),
	(526,59,4,0),
	(527,59,5,0),
	(528,59,6,0),
	(529,59,7,0),
	(530,59,8,0),
	(531,59,9,0),
	(532,60,1,0),
	(533,60,2,0),
	(534,60,3,0),
	(535,60,4,0),
	(536,60,5,0),
	(537,60,6,0),
	(538,60,7,1),
	(539,60,8,0),
	(540,60,9,0),
	(541,61,1,0),
	(542,61,2,0),
	(543,61,3,0),
	(544,61,4,0),
	(545,61,5,0),
	(546,61,6,0),
	(547,61,7,0),
	(548,61,8,0),
	(549,61,9,0),
	(550,62,1,0),
	(551,62,2,0),
	(552,62,3,0),
	(553,62,4,0),
	(554,62,5,0),
	(555,62,6,0),
	(556,62,7,0),
	(557,62,8,0),
	(558,62,9,0),
	(559,63,1,0),
	(560,63,2,0),
	(561,63,3,0),
	(562,63,4,0),
	(563,63,5,0),
	(564,63,6,0),
	(565,63,7,0),
	(566,63,8,0),
	(567,63,9,0),
	(568,64,1,0),
	(569,64,2,0),
	(570,64,3,0),
	(571,64,4,0),
	(572,64,5,0),
	(573,64,6,0),
	(574,64,7,0),
	(575,64,8,0),
	(576,64,9,0),
	(577,65,1,0),
	(578,65,2,0),
	(579,65,3,0),
	(580,65,4,0),
	(581,65,5,0),
	(582,65,6,0),
	(583,65,7,0),
	(584,65,8,0),
	(585,65,9,0),
	(586,66,1,0),
	(587,66,2,0),
	(588,66,3,0),
	(589,66,4,0),
	(590,66,5,0),
	(591,66,6,0),
	(592,66,7,0),
	(593,66,8,0),
	(594,66,9,0),
	(595,67,1,0),
	(596,67,2,0),
	(597,67,3,0),
	(598,67,4,0),
	(599,67,5,0),
	(600,67,6,0),
	(601,67,7,0),
	(602,67,8,0),
	(603,67,9,0),
	(604,68,1,0),
	(605,68,2,0),
	(606,68,3,0),
	(607,68,4,0),
	(608,68,5,0),
	(609,68,6,0),
	(610,68,7,0),
	(611,68,8,0),
	(612,68,9,0),
	(613,69,1,0),
	(614,69,2,0),
	(615,69,3,0),
	(616,69,4,0),
	(617,69,5,0),
	(618,69,6,0),
	(619,69,7,0),
	(620,69,8,0),
	(621,69,9,0),
	(622,70,1,0),
	(623,70,2,0),
	(624,70,3,0),
	(625,70,4,0),
	(626,70,5,0),
	(627,70,6,0),
	(628,70,7,0),
	(629,70,8,0),
	(630,70,9,0),
	(631,71,1,0),
	(632,71,2,0),
	(633,71,3,0),
	(634,71,4,0),
	(635,71,5,0),
	(636,71,6,0),
	(637,71,7,0),
	(638,71,8,0),
	(639,71,9,0),
	(640,72,1,0),
	(641,72,2,0),
	(642,72,3,0),
	(643,72,4,0),
	(644,72,5,0),
	(645,72,6,0),
	(646,72,7,0),
	(647,72,8,0),
	(648,72,9,0),
	(649,73,1,0),
	(650,73,2,0),
	(651,73,3,0),
	(652,73,4,0),
	(653,73,5,0),
	(654,73,6,0),
	(655,73,7,0),
	(656,73,8,0),
	(657,73,9,0),
	(658,74,1,0),
	(659,74,2,0),
	(660,74,3,0),
	(661,74,4,0),
	(662,74,5,0),
	(663,74,6,0),
	(664,74,7,1),
	(665,74,8,0),
	(666,74,9,0),
	(667,75,1,0),
	(668,75,2,0),
	(669,75,3,0),
	(670,75,4,0),
	(671,75,5,0),
	(672,75,6,0),
	(673,75,7,0),
	(674,75,8,0),
	(675,75,9,0),
	(676,76,1,0),
	(677,76,2,0),
	(678,76,3,0),
	(679,76,4,0),
	(680,76,5,0),
	(681,76,6,0),
	(682,76,7,0),
	(683,76,8,0),
	(684,76,9,0),
	(685,77,1,0),
	(686,77,2,0),
	(687,77,3,0),
	(688,77,4,0),
	(689,77,5,0),
	(690,77,6,0),
	(691,77,7,0),
	(692,77,8,0),
	(693,77,9,0),
	(694,78,1,0),
	(695,78,2,0),
	(696,78,3,0),
	(697,78,4,0),
	(698,78,5,0),
	(699,78,6,0),
	(700,78,7,0),
	(701,78,8,0),
	(702,78,9,0),
	(703,79,1,0),
	(704,79,2,0),
	(705,79,3,0),
	(706,79,4,0),
	(707,79,5,0),
	(708,79,6,0),
	(709,79,7,0),
	(710,79,8,0),
	(711,79,9,0),
	(712,80,1,0),
	(713,80,2,0),
	(714,80,3,0),
	(715,80,4,1),
	(716,80,5,0),
	(717,80,6,0),
	(718,80,7,0),
	(719,80,8,0),
	(720,80,9,0),
	(721,81,1,0),
	(722,81,2,0),
	(723,81,3,0),
	(724,81,4,0),
	(725,81,5,0),
	(726,81,6,0),
	(727,81,7,0),
	(728,81,8,0),
	(729,81,9,0),
	(730,82,1,0),
	(731,82,2,0),
	(732,82,3,0),
	(733,82,4,0),
	(734,82,5,0),
	(735,82,6,0),
	(736,82,7,0),
	(737,82,8,1),
	(738,82,9,0),
	(739,83,1,0),
	(740,83,2,0),
	(741,83,3,0),
	(742,83,4,0),
	(743,83,5,0),
	(744,83,6,0),
	(745,83,7,0),
	(746,83,8,0),
	(747,83,9,0),
	(748,84,1,0),
	(749,84,2,0),
	(750,84,3,0),
	(751,84,4,0),
	(752,84,5,0),
	(753,84,6,0),
	(754,84,7,0),
	(755,84,8,0),
	(756,84,9,0),
	(757,85,1,0),
	(758,85,2,0),
	(759,85,3,0),
	(760,85,4,0),
	(761,85,5,0),
	(762,85,6,0),
	(763,85,7,0),
	(764,85,8,0),
	(765,85,9,0),
	(766,86,1,0),
	(767,86,2,0),
	(768,86,3,0),
	(769,86,4,0),
	(770,86,5,0),
	(771,86,6,0),
	(772,86,7,0),
	(773,86,8,0),
	(774,86,9,0),
	(775,87,1,0),
	(776,87,2,0),
	(777,87,3,0),
	(778,87,4,0),
	(779,87,5,0),
	(780,87,6,0),
	(781,87,7,0),
	(782,87,8,0),
	(783,87,9,0),
	(784,88,1,0),
	(785,88,2,0),
	(786,88,3,0),
	(787,88,4,0),
	(788,88,5,0),
	(789,88,6,0),
	(790,88,7,0),
	(791,88,8,0),
	(792,88,9,0),
	(793,89,1,0),
	(794,89,2,0),
	(795,89,3,0),
	(796,89,4,0),
	(797,89,5,0),
	(798,89,6,0),
	(799,89,7,0),
	(800,89,8,1),
	(801,89,9,0),
	(802,90,1,0),
	(803,90,2,0),
	(804,90,3,0),
	(805,90,4,0),
	(806,90,5,0),
	(807,90,6,0),
	(808,90,7,0),
	(809,90,8,0),
	(810,90,9,0),
	(811,91,1,0),
	(812,91,2,0),
	(813,91,3,0),
	(814,91,4,0),
	(815,91,5,0),
	(816,91,6,0),
	(817,91,7,0),
	(818,91,8,0),
	(819,91,9,0),
	(820,92,1,0),
	(821,92,2,0),
	(822,92,3,0),
	(823,92,4,0),
	(824,92,5,0),
	(825,92,6,0),
	(826,92,7,0),
	(827,92,8,0),
	(828,92,9,0),
	(829,93,1,0),
	(830,93,2,0),
	(831,93,3,0),
	(832,93,4,0),
	(833,93,5,0),
	(834,93,6,0),
	(835,93,7,0),
	(836,93,8,0),
	(837,93,9,0),
	(838,94,1,0),
	(839,94,2,0),
	(840,94,3,0),
	(841,94,4,0),
	(842,94,5,0),
	(843,94,6,0),
	(844,94,7,0),
	(845,94,8,0),
	(846,94,9,0),
	(847,95,1,0),
	(848,95,2,0),
	(849,95,3,0),
	(850,95,4,0),
	(851,95,5,0),
	(852,95,6,0),
	(853,95,7,0),
	(854,95,8,0),
	(855,95,9,0),
	(856,96,1,0),
	(857,96,2,0),
	(858,96,3,0),
	(859,96,4,0),
	(860,96,5,0),
	(861,96,6,0),
	(862,96,7,0),
	(863,96,8,0),
	(864,96,9,0),
	(865,97,1,0),
	(866,97,2,0),
	(867,97,3,0),
	(868,97,4,0),
	(869,97,5,0),
	(870,97,6,0),
	(871,97,7,0),
	(872,97,8,0),
	(873,97,9,0),
	(874,98,1,0),
	(875,98,2,0),
	(876,98,3,0),
	(877,98,4,0),
	(878,98,5,0),
	(879,98,6,1),
	(880,98,7,0),
	(881,98,8,0),
	(882,98,9,0),
	(883,99,1,0),
	(884,99,2,0),
	(885,99,3,0),
	(886,99,4,0),
	(887,99,5,0),
	(888,99,6,0),
	(889,99,7,0),
	(890,99,8,0),
	(891,99,9,0),
	(892,100,1,0),
	(893,100,2,0),
	(894,100,3,0),
	(895,100,4,0),
	(896,100,5,0),
	(897,100,6,0),
	(898,100,7,0),
	(899,100,8,0),
	(900,100,9,0),
	(901,101,1,0),
	(902,101,2,0),
	(903,101,3,0),
	(904,101,4,0),
	(905,101,5,0),
	(906,101,6,0),
	(907,101,7,0),
	(908,101,8,0),
	(909,101,9,0),
	(910,102,1,0),
	(911,102,2,0),
	(912,102,3,0),
	(913,102,4,0),
	(914,102,5,0),
	(915,102,6,0),
	(916,102,7,0),
	(917,102,8,0),
	(918,102,9,0),
	(919,103,1,0),
	(920,103,2,1),
	(921,103,3,0),
	(922,103,4,0),
	(923,103,5,0),
	(924,103,6,0),
	(925,103,7,0),
	(926,103,8,0),
	(927,103,9,0),
	(928,104,1,0),
	(929,104,2,1),
	(930,104,3,0),
	(931,104,4,0),
	(932,104,5,0),
	(933,104,6,0),
	(934,104,7,0),
	(935,104,8,0),
	(936,104,9,0),
	(937,105,1,0),
	(938,105,2,1),
	(939,105,3,0),
	(940,105,4,0),
	(941,105,5,0),
	(942,105,6,0),
	(943,105,7,1),
	(944,105,8,0),
	(945,105,9,0),
	(946,106,1,0),
	(947,106,2,1),
	(948,106,3,0),
	(949,106,4,0),
	(950,106,5,0),
	(951,106,6,0),
	(952,106,7,0),
	(953,106,8,0),
	(954,106,9,0),
	(955,107,1,0),
	(956,107,2,1),
	(957,107,3,0),
	(958,107,4,0),
	(959,107,5,0),
	(960,107,6,0),
	(961,107,7,0),
	(962,107,8,0),
	(963,107,9,0),
	(964,108,1,0),
	(965,108,2,1),
	(966,108,3,0),
	(967,108,4,0),
	(968,108,5,0),
	(969,108,6,0),
	(970,108,7,0),
	(971,108,8,0),
	(972,108,9,0),
	(973,109,1,0),
	(974,109,2,1),
	(975,109,3,0),
	(976,109,4,0),
	(977,109,5,0),
	(978,109,6,0),
	(979,109,7,0),
	(980,109,8,0),
	(981,109,9,0),
	(982,110,1,0),
	(983,110,2,1),
	(984,110,3,0),
	(985,110,4,0),
	(986,110,5,0),
	(987,110,6,0),
	(988,110,7,0),
	(989,110,8,0),
	(990,110,9,0),
	(991,111,1,0),
	(992,111,2,1),
	(993,111,3,0),
	(994,111,4,0),
	(995,111,5,0),
	(996,111,6,0),
	(997,111,7,0),
	(998,111,8,0),
	(999,111,9,0),
	(1000,112,1,0),
	(1001,112,2,1),
	(1002,112,3,0),
	(1003,112,4,0),
	(1004,112,5,0),
	(1005,112,6,0),
	(1006,112,7,0),
	(1007,112,8,0),
	(1008,112,9,0),
	(1009,113,1,0),
	(1010,113,2,1),
	(1011,113,3,0),
	(1012,113,4,0),
	(1013,113,5,0),
	(1014,113,6,0),
	(1015,113,7,0),
	(1016,113,8,1),
	(1017,113,9,0),
	(1018,114,1,0),
	(1019,114,2,1),
	(1020,114,3,0),
	(1021,114,4,0),
	(1022,114,5,0),
	(1023,114,6,0),
	(1024,114,7,0),
	(1025,114,8,0),
	(1026,114,9,0),
	(1027,115,1,0),
	(1028,115,2,1),
	(1029,115,3,0),
	(1030,115,4,0),
	(1031,115,5,0),
	(1032,115,6,0),
	(1033,115,7,0),
	(1034,115,8,0),
	(1035,115,9,0),
	(1036,116,1,0),
	(1037,116,2,1),
	(1038,116,3,0),
	(1039,116,4,0),
	(1040,116,5,0),
	(1041,116,6,0),
	(1042,116,7,0),
	(1043,116,8,0),
	(1044,116,9,0),
	(1045,117,1,0),
	(1046,117,2,1),
	(1047,117,3,0),
	(1048,117,4,0),
	(1049,117,5,0),
	(1050,117,6,0),
	(1051,117,7,1),
	(1052,117,8,0),
	(1053,117,9,0),
	(1054,118,1,0),
	(1055,118,2,1),
	(1056,118,3,0),
	(1057,118,4,0),
	(1058,118,5,0),
	(1059,118,6,0),
	(1060,118,7,0),
	(1061,118,8,0),
	(1062,118,9,0),
	(1063,119,1,0),
	(1064,119,2,1),
	(1065,119,3,0),
	(1066,119,4,0),
	(1067,119,5,0),
	(1068,119,6,0),
	(1069,119,7,0),
	(1070,119,8,0),
	(1071,119,9,0),
	(1072,120,1,0),
	(1073,120,2,1),
	(1074,120,3,0),
	(1075,120,4,1),
	(1076,120,5,0),
	(1077,120,6,0),
	(1078,120,7,0),
	(1079,120,8,0),
	(1080,120,9,0),
	(1081,121,1,1),
	(1082,121,2,1),
	(1083,121,3,0),
	(1084,121,4,0),
	(1085,121,5,0),
	(1086,121,6,0),
	(1087,121,7,0),
	(1088,121,8,0),
	(1089,121,9,0),
	(1090,122,1,1),
	(1091,122,2,1),
	(1092,122,3,0),
	(1093,122,4,0),
	(1094,122,5,0),
	(1095,122,6,0),
	(1096,122,7,0),
	(1097,122,8,0),
	(1098,122,9,0),
	(1099,123,1,1),
	(1100,123,2,0),
	(1101,123,3,0),
	(1102,123,4,1),
	(1103,123,5,0),
	(1104,123,6,0),
	(1105,123,7,0),
	(1106,123,8,0),
	(1107,123,9,0),
	(1108,124,1,1),
	(1109,124,2,0),
	(1110,124,3,0),
	(1111,124,4,1),
	(1112,124,5,0),
	(1113,124,6,0),
	(1114,124,7,0),
	(1115,124,8,0),
	(1116,124,9,0),
	(1117,125,1,1),
	(1118,125,2,0),
	(1119,125,3,0),
	(1120,125,4,1),
	(1121,125,5,0),
	(1122,125,6,0),
	(1123,125,7,0),
	(1124,125,8,0),
	(1125,125,9,0),
	(1126,126,1,1),
	(1127,126,2,0),
	(1128,126,3,0),
	(1129,126,4,1),
	(1130,126,5,0),
	(1131,126,6,0),
	(1132,126,7,0),
	(1133,126,8,0),
	(1134,126,9,0),
	(1135,127,1,1),
	(1136,127,2,0),
	(1137,127,3,0),
	(1138,127,4,1),
	(1139,127,5,0),
	(1140,127,6,0),
	(1141,127,7,0),
	(1142,127,8,0),
	(1143,127,9,0),
	(1144,128,1,1),
	(1145,128,2,0),
	(1146,128,3,0),
	(1147,128,4,1),
	(1148,128,5,0),
	(1149,128,6,0),
	(1150,128,7,0),
	(1151,128,8,0),
	(1152,128,9,0),
	(1153,129,1,1),
	(1154,129,2,0),
	(1155,129,3,0),
	(1156,129,4,1),
	(1157,129,5,0),
	(1158,129,6,0),
	(1159,129,7,0),
	(1160,129,8,0),
	(1161,129,9,0),
	(1162,130,1,1),
	(1163,130,2,0),
	(1164,130,3,0),
	(1165,130,4,1),
	(1166,130,5,0),
	(1167,130,6,0),
	(1168,130,7,0),
	(1169,130,8,0),
	(1170,130,9,0),
	(1171,131,1,1),
	(1172,131,2,0),
	(1173,131,3,0),
	(1174,131,4,1),
	(1175,131,5,0),
	(1176,131,6,0),
	(1177,131,7,0),
	(1178,131,8,0),
	(1179,131,9,0),
	(1180,132,1,1),
	(1181,132,2,0),
	(1182,132,3,0),
	(1183,132,4,1),
	(1184,132,5,0),
	(1185,132,6,0),
	(1186,132,7,0),
	(1187,132,8,0),
	(1188,132,9,0),
	(1189,133,1,1),
	(1190,133,2,0),
	(1191,133,3,0),
	(1192,133,4,1),
	(1193,133,5,0),
	(1194,133,6,0),
	(1195,133,7,0),
	(1196,133,8,0),
	(1197,133,9,0),
	(1198,134,1,1),
	(1199,134,2,0),
	(1200,134,3,0),
	(1201,134,4,1),
	(1202,134,5,0),
	(1203,134,6,0),
	(1204,134,7,0),
	(1205,134,8,0),
	(1206,134,9,0),
	(1207,135,1,1),
	(1208,135,2,0),
	(1209,135,3,0),
	(1210,135,4,1),
	(1211,135,5,0),
	(1212,135,6,0),
	(1213,135,7,0),
	(1214,135,8,0),
	(1215,135,9,0),
	(1216,136,1,1),
	(1217,136,2,0),
	(1218,136,3,0),
	(1219,136,4,1),
	(1220,136,5,0),
	(1221,136,6,0),
	(1222,136,7,0),
	(1223,136,8,0),
	(1224,136,9,0),
	(1225,137,1,1),
	(1226,137,2,0),
	(1227,137,3,0),
	(1228,137,4,1),
	(1229,137,5,0),
	(1230,137,6,0),
	(1231,137,7,0),
	(1232,137,8,0),
	(1233,137,9,0),
	(1234,138,1,1),
	(1235,138,2,0),
	(1236,138,3,0),
	(1237,138,4,1),
	(1238,138,5,0),
	(1239,138,6,0),
	(1240,138,7,0),
	(1241,138,8,0),
	(1242,138,9,0),
	(1243,139,1,1),
	(1244,139,2,0),
	(1245,139,3,0),
	(1246,139,4,1),
	(1247,139,5,0),
	(1248,139,6,0),
	(1249,139,7,0),
	(1250,139,8,0),
	(1251,139,9,0),
	(1252,140,1,1),
	(1253,140,2,0),
	(1254,140,3,0),
	(1255,140,4,1),
	(1256,140,5,0),
	(1257,140,6,0),
	(1258,140,7,0),
	(1259,140,8,0),
	(1260,140,9,0),
	(1261,141,1,1),
	(1262,141,2,1),
	(1263,141,3,0),
	(1264,141,4,1),
	(1265,141,5,0),
	(1266,141,6,0),
	(1267,141,7,0),
	(1268,141,8,0),
	(1269,141,9,0),
	(1270,142,1,1),
	(1271,142,2,0),
	(1272,142,3,1),
	(1273,142,4,0),
	(1274,142,5,0),
	(1275,142,6,0),
	(1276,142,7,0),
	(1277,142,8,0),
	(1278,142,9,0),
	(1279,143,1,1),
	(1280,143,2,0),
	(1281,143,3,1),
	(1282,143,4,0),
	(1283,143,5,0),
	(1284,143,6,0),
	(1285,143,7,0),
	(1286,143,8,0),
	(1287,143,9,0),
	(1288,144,1,1),
	(1289,144,2,0),
	(1290,144,3,1),
	(1291,144,4,0),
	(1292,144,5,0),
	(1293,144,6,0),
	(1294,144,7,0),
	(1295,144,8,0),
	(1296,144,9,0),
	(1297,145,1,1),
	(1298,145,2,0),
	(1299,145,3,1),
	(1300,145,4,0),
	(1301,145,5,0),
	(1302,145,6,0),
	(1303,145,7,0),
	(1304,145,8,0),
	(1305,145,9,0),
	(1306,146,1,1),
	(1307,146,2,0),
	(1308,146,3,1),
	(1309,146,4,0),
	(1310,146,5,0),
	(1311,146,6,0),
	(1312,146,7,0),
	(1313,146,8,0),
	(1314,146,9,0),
	(1315,147,1,1),
	(1316,147,2,0),
	(1317,147,3,1),
	(1318,147,4,0),
	(1319,147,5,0),
	(1320,147,6,0),
	(1321,147,7,0),
	(1322,147,8,0),
	(1323,147,9,0),
	(1324,148,1,1),
	(1325,148,2,0),
	(1326,148,3,1),
	(1327,148,4,0),
	(1328,148,5,0),
	(1329,148,6,0),
	(1330,148,7,0),
	(1331,148,8,0),
	(1332,148,9,0),
	(1333,149,1,1),
	(1334,149,2,0),
	(1335,149,3,1),
	(1336,149,4,0),
	(1337,149,5,0),
	(1338,149,6,0),
	(1339,149,7,0),
	(1340,149,8,0),
	(1341,149,9,0),
	(1342,150,1,1),
	(1343,150,2,0),
	(1344,150,3,1),
	(1345,150,4,0),
	(1346,150,5,0),
	(1347,150,6,0),
	(1348,150,7,0),
	(1349,150,8,0),
	(1350,150,9,0),
	(1351,151,1,1),
	(1352,151,2,0),
	(1353,151,3,1),
	(1354,151,4,0),
	(1355,151,5,0),
	(1356,151,6,0),
	(1357,151,7,0),
	(1358,151,8,0),
	(1359,151,9,0),
	(1360,152,1,1),
	(1361,152,2,0),
	(1362,152,3,1),
	(1363,152,4,0),
	(1364,152,5,0),
	(1365,152,6,0),
	(1366,152,7,0),
	(1367,152,8,0),
	(1368,152,9,0),
	(1369,153,1,1),
	(1370,153,2,0),
	(1371,153,3,1),
	(1372,153,4,0),
	(1373,153,5,0),
	(1374,153,6,0),
	(1375,153,7,0),
	(1376,153,8,0),
	(1377,153,9,0),
	(1378,154,1,1),
	(1379,154,2,0),
	(1380,154,3,1),
	(1381,154,4,0),
	(1382,154,5,0),
	(1383,154,6,0),
	(1384,154,7,0),
	(1385,154,8,0),
	(1386,154,9,0),
	(1387,155,1,1),
	(1388,155,2,0),
	(1389,155,3,1),
	(1390,155,4,0),
	(1391,155,5,0),
	(1392,155,6,0),
	(1393,155,7,0),
	(1394,155,8,0),
	(1395,155,9,0),
	(1396,156,1,1),
	(1397,156,2,0),
	(1398,156,3,1),
	(1399,156,4,0),
	(1400,156,5,0),
	(1401,156,6,0),
	(1402,156,7,0),
	(1403,156,8,0),
	(1404,156,9,0),
	(1405,157,1,1),
	(1406,157,2,0),
	(1407,157,3,1),
	(1408,157,4,0),
	(1409,157,5,0),
	(1410,157,6,0),
	(1411,157,7,0),
	(1412,157,8,0),
	(1413,157,9,0),
	(1414,158,1,1),
	(1415,158,2,0),
	(1416,158,3,1),
	(1417,158,4,0),
	(1418,158,5,0),
	(1419,158,6,0),
	(1420,158,7,0),
	(1421,158,8,0),
	(1422,158,9,0),
	(1423,159,1,1),
	(1424,159,2,1),
	(1425,159,3,1),
	(1426,159,4,0),
	(1427,159,5,0),
	(1428,159,6,0),
	(1429,159,7,0),
	(1430,159,8,0),
	(1431,159,9,0),
	(1432,160,1,1),
	(1433,160,2,1),
	(1434,160,3,1),
	(1435,160,4,0),
	(1436,160,5,0),
	(1437,160,6,0),
	(1438,160,7,0),
	(1439,160,8,0),
	(1440,160,9,0),
	(1441,161,1,1),
	(1442,161,2,1),
	(1443,161,3,1),
	(1444,161,4,0),
	(1445,161,5,0),
	(1446,161,6,0),
	(1447,161,7,0),
	(1448,161,8,0),
	(1449,161,9,0),
	(1450,162,1,1),
	(1451,162,2,1),
	(1452,162,3,1),
	(1453,162,4,0),
	(1454,162,5,0),
	(1455,162,6,0),
	(1456,162,7,0),
	(1457,162,8,0),
	(1458,162,9,0),
	(1459,163,1,1),
	(1460,163,2,1),
	(1461,163,3,1),
	(1462,163,4,0),
	(1463,163,5,0),
	(1464,163,6,0),
	(1465,163,7,0),
	(1466,163,8,0),
	(1467,163,9,0),
	(1468,164,1,1),
	(1469,164,2,1),
	(1470,164,3,1),
	(1471,164,4,0),
	(1472,164,5,0),
	(1473,164,6,0),
	(1474,164,7,0),
	(1475,164,8,0),
	(1476,164,9,0),
	(1477,165,1,1),
	(1478,165,2,1),
	(1479,165,3,1),
	(1480,165,4,0),
	(1481,165,5,0),
	(1482,165,6,0),
	(1483,165,7,0),
	(1484,165,8,0),
	(1485,165,9,0),
	(1486,166,1,1),
	(1487,166,2,0),
	(1488,166,3,1),
	(1489,166,4,1),
	(1490,166,5,0),
	(1491,166,6,0),
	(1492,166,7,0),
	(1493,166,8,0),
	(1494,166,9,0),
	(1495,167,1,1),
	(1496,167,2,0),
	(1497,167,3,1),
	(1498,167,4,1),
	(1499,167,5,0),
	(1500,167,6,0),
	(1501,167,7,0),
	(1502,167,8,0),
	(1503,167,9,0),
	(1504,168,1,1),
	(1505,168,2,0),
	(1506,168,3,1),
	(1507,168,4,0),
	(1508,168,5,0),
	(1509,168,6,0),
	(1510,168,7,0),
	(1511,168,8,0),
	(1512,168,9,0),
	(1513,169,1,1),
	(1514,169,2,0),
	(1515,169,3,1),
	(1516,169,4,0),
	(1517,169,5,0),
	(1518,169,6,0),
	(1519,169,7,0),
	(1520,169,8,0),
	(1521,169,9,0),
	(1522,170,1,1),
	(1523,170,2,0),
	(1524,170,3,1),
	(1525,170,4,0),
	(1526,170,5,0),
	(1527,170,6,0),
	(1528,170,7,0),
	(1529,170,8,0),
	(1530,170,9,0),
	(1531,171,1,1),
	(1532,171,2,1),
	(1533,171,3,1),
	(1534,171,4,0),
	(1535,171,5,0),
	(1536,171,6,0),
	(1537,171,7,0),
	(1538,171,8,0),
	(1539,171,9,0),
	(1540,172,1,1),
	(1541,172,2,1),
	(1542,172,3,1),
	(1543,172,4,0),
	(1544,172,5,0),
	(1545,172,6,0),
	(1546,172,7,0),
	(1547,172,8,0),
	(1548,172,9,0),
	(1549,173,1,1),
	(1550,173,2,1),
	(1551,173,3,1),
	(1552,173,4,1),
	(1553,173,5,0),
	(1554,173,6,0),
	(1555,173,7,0),
	(1556,173,8,0),
	(1557,173,9,0),
	(1558,174,1,1),
	(1559,174,2,0),
	(1560,174,3,0),
	(1561,174,4,0),
	(1562,174,5,1),
	(1563,174,6,0),
	(1564,174,7,0),
	(1565,174,8,0),
	(1566,174,9,0),
	(1567,175,1,1),
	(1568,175,2,0),
	(1569,175,3,0),
	(1570,175,4,0),
	(1571,175,5,1),
	(1572,175,6,0),
	(1573,175,7,0),
	(1574,175,8,0),
	(1575,175,9,0),
	(1576,176,1,1),
	(1577,176,2,0),
	(1578,176,3,0),
	(1579,176,4,0),
	(1580,176,5,1),
	(1581,176,6,0),
	(1582,176,7,0),
	(1583,176,8,0),
	(1584,176,9,0),
	(1585,177,1,1),
	(1586,177,2,0),
	(1587,177,3,0),
	(1588,177,4,0),
	(1589,177,5,1),
	(1590,177,6,0),
	(1591,177,7,0),
	(1592,177,8,0),
	(1593,177,9,0),
	(1594,178,1,1),
	(1595,178,2,0),
	(1596,178,3,0),
	(1597,178,4,0),
	(1598,178,5,1),
	(1599,178,6,0),
	(1600,178,7,0),
	(1601,178,8,0),
	(1602,178,9,0),
	(1603,179,1,1),
	(1604,179,2,0),
	(1605,179,3,0),
	(1606,179,4,0),
	(1607,179,5,1),
	(1608,179,6,0),
	(1609,179,7,0),
	(1610,179,8,0),
	(1611,179,9,0),
	(1612,180,1,1),
	(1613,180,2,0),
	(1614,180,3,0),
	(1615,180,4,0),
	(1616,180,5,1),
	(1617,180,6,0),
	(1618,180,7,0),
	(1619,180,8,0),
	(1620,180,9,0),
	(1621,181,1,1),
	(1622,181,2,0),
	(1623,181,3,0),
	(1624,181,4,0),
	(1625,181,5,1),
	(1626,181,6,0),
	(1627,181,7,0),
	(1628,181,8,0),
	(1629,181,9,0),
	(1630,182,1,1),
	(1631,182,2,0),
	(1632,182,3,0),
	(1633,182,4,0),
	(1634,182,5,1),
	(1635,182,6,0),
	(1636,182,7,0),
	(1637,182,8,0),
	(1638,182,9,0),
	(1639,183,1,1),
	(1640,183,2,0),
	(1641,183,3,0),
	(1642,183,4,0),
	(1643,183,5,1),
	(1644,183,6,0),
	(1645,183,7,0),
	(1646,183,8,0),
	(1647,183,9,0),
	(1648,184,1,1),
	(1649,184,2,0),
	(1650,184,3,0),
	(1651,184,4,0),
	(1652,184,5,1),
	(1653,184,6,0),
	(1654,184,7,0),
	(1655,184,8,0),
	(1656,184,9,0),
	(1657,185,1,1),
	(1658,185,2,0),
	(1659,185,3,0),
	(1660,185,4,0),
	(1661,185,5,1),
	(1662,185,6,0),
	(1663,185,7,0),
	(1664,185,8,0),
	(1665,185,9,0),
	(1666,186,1,1),
	(1667,186,2,1),
	(1668,186,3,0),
	(1669,186,4,0),
	(1670,186,5,1),
	(1671,186,6,0),
	(1672,186,7,0),
	(1673,186,8,0),
	(1674,186,9,0),
	(1675,187,1,1),
	(1676,187,2,0),
	(1677,187,3,0),
	(1678,187,4,1),
	(1679,187,5,1),
	(1680,187,6,0),
	(1681,187,7,0),
	(1682,187,8,0),
	(1683,187,9,0),
	(1684,188,1,1),
	(1685,188,2,0),
	(1686,188,3,1),
	(1687,188,4,0),
	(1688,188,5,1),
	(1689,188,6,0),
	(1690,188,7,0),
	(1691,188,8,0),
	(1692,188,9,0),
	(1693,189,1,1),
	(1694,189,2,0),
	(1695,189,3,1),
	(1696,189,4,0),
	(1697,189,5,1),
	(1698,189,6,0),
	(1699,189,7,0),
	(1700,189,8,0),
	(1701,189,9,0),
	(1702,190,1,1),
	(1703,190,2,0),
	(1704,190,3,1),
	(1705,190,4,0),
	(1706,190,5,1),
	(1707,190,6,0),
	(1708,190,7,0),
	(1709,190,8,0),
	(1710,190,9,0),
	(1711,191,1,1),
	(1712,191,2,0),
	(1713,191,3,0),
	(1714,191,4,0),
	(1715,191,5,0),
	(1716,191,6,1),
	(1717,191,7,0),
	(1718,191,8,0),
	(1719,191,9,0),
	(1720,192,1,1),
	(1721,192,2,0),
	(1722,192,3,0),
	(1723,192,4,0),
	(1724,192,5,0),
	(1725,192,6,1),
	(1726,192,7,0),
	(1727,192,8,0),
	(1728,192,9,0),
	(1729,193,1,1),
	(1730,193,2,0),
	(1731,193,3,0),
	(1732,193,4,0),
	(1733,193,5,0),
	(1734,193,6,1),
	(1735,193,7,0),
	(1736,193,8,0),
	(1737,193,9,0),
	(1738,194,1,1),
	(1739,194,2,1),
	(1740,194,3,0),
	(1741,194,4,0),
	(1742,194,5,0),
	(1743,194,6,1),
	(1744,194,7,0),
	(1745,194,8,0),
	(1746,194,9,0),
	(1747,195,1,1),
	(1748,195,2,0),
	(1749,195,3,0),
	(1750,195,4,1),
	(1751,195,5,0),
	(1752,195,6,1),
	(1753,195,7,0),
	(1754,195,8,0),
	(1755,195,9,0),
	(1756,196,1,1),
	(1757,196,2,0),
	(1758,196,3,0),
	(1759,196,4,0),
	(1760,196,5,0),
	(1761,196,6,0),
	(1762,196,7,1),
	(1763,196,8,0),
	(1764,196,9,0),
	(1765,197,1,1),
	(1766,197,2,0),
	(1767,197,3,0),
	(1768,197,4,0),
	(1769,197,5,0),
	(1770,197,6,0),
	(1771,197,7,1),
	(1772,197,8,0),
	(1773,197,9,0),
	(1774,198,1,1),
	(1775,198,2,0),
	(1776,198,3,0),
	(1777,198,4,0),
	(1778,198,5,0),
	(1779,198,6,0),
	(1780,198,7,1),
	(1781,198,8,0),
	(1782,198,9,0),
	(1783,199,1,1),
	(1784,199,2,0),
	(1785,199,3,0),
	(1786,199,4,0),
	(1787,199,5,0),
	(1788,199,6,0),
	(1789,199,7,1),
	(1790,199,8,0),
	(1791,199,9,0),
	(1792,200,1,1),
	(1793,200,2,1),
	(1794,200,3,0),
	(1795,200,4,0),
	(1796,200,5,0),
	(1797,200,6,0),
	(1798,200,7,1),
	(1799,200,8,0),
	(1800,200,9,0),
	(1801,201,1,1),
	(1802,201,2,1),
	(1803,201,3,0),
	(1804,201,4,0),
	(1805,201,5,0),
	(1806,201,6,0),
	(1807,201,7,1),
	(1808,201,8,0),
	(1809,201,9,0),
	(1810,202,1,1),
	(1811,202,2,1),
	(1812,202,3,0),
	(1813,202,4,0),
	(1814,202,5,0),
	(1815,202,6,0),
	(1816,202,7,1),
	(1817,202,8,0),
	(1818,202,9,0),
	(1819,203,1,1),
	(1820,203,2,1),
	(1821,203,3,0),
	(1822,203,4,0),
	(1823,203,5,0),
	(1824,203,6,0),
	(1825,203,7,1),
	(1826,203,8,0),
	(1827,203,9,0),
	(1828,204,1,1),
	(1829,204,2,1),
	(1830,204,3,0),
	(1831,204,4,0),
	(1832,204,5,0),
	(1833,204,6,0),
	(1834,204,7,1),
	(1835,204,8,0),
	(1836,204,9,0),
	(1837,205,1,1),
	(1838,205,2,0),
	(1839,205,3,1),
	(1840,205,4,0),
	(1841,205,5,0),
	(1842,205,6,0),
	(1843,205,7,1),
	(1844,205,8,0),
	(1845,205,9,0),
	(1846,206,1,1),
	(1847,206,2,0),
	(1848,206,3,1),
	(1849,206,4,0),
	(1850,206,5,0),
	(1851,206,6,0),
	(1852,206,7,1),
	(1853,206,8,0),
	(1854,206,9,0),
	(1855,207,1,1),
	(1856,207,2,1),
	(1857,207,3,1),
	(1858,207,4,0),
	(1859,207,5,0),
	(1860,207,6,0),
	(1861,207,7,1),
	(1862,207,8,0),
	(1863,207,9,0),
	(1864,208,1,1),
	(1865,208,2,0),
	(1866,208,3,1),
	(1867,208,4,0),
	(1868,208,5,1),
	(1869,208,6,0),
	(1870,208,7,1),
	(1871,208,8,0),
	(1872,208,9,0),
	(1873,209,1,1),
	(1874,209,2,0),
	(1875,209,3,0),
	(1876,209,4,0),
	(1877,209,5,0),
	(1878,209,6,0),
	(1879,209,7,0),
	(1880,209,8,0),
	(1881,209,9,1),
	(1882,210,1,1),
	(1883,210,2,0),
	(1884,210,3,0),
	(1885,210,4,0),
	(1886,210,5,0),
	(1887,210,6,0),
	(1888,210,7,0),
	(1889,210,8,0),
	(1890,210,9,1),
	(1891,211,1,1),
	(1892,211,2,0),
	(1893,211,3,0),
	(1894,211,4,1),
	(1895,211,5,0),
	(1896,211,6,0),
	(1897,211,7,0),
	(1898,211,8,0),
	(1899,211,9,1),
	(1900,212,1,1),
	(1901,212,2,1),
	(1902,212,3,1),
	(1903,212,4,0),
	(1904,212,5,0),
	(1905,212,6,0),
	(1906,212,7,0),
	(1907,212,8,0),
	(1908,212,9,1),
	(1909,213,1,1),
	(1910,213,2,1),
	(1911,213,3,1),
	(1912,213,4,0),
	(1913,213,5,0),
	(1914,213,6,0),
	(1915,213,7,1),
	(1916,213,8,0),
	(1917,213,9,1),
	(1918,214,1,1),
	(1919,214,2,0),
	(1920,214,3,0),
	(1921,214,4,0),
	(1922,214,5,0),
	(1923,214,6,0),
	(1924,214,7,0),
	(1925,214,8,1),
	(1926,214,9,0),
	(1927,215,1,1),
	(1928,215,2,0),
	(1929,215,3,0),
	(1930,215,4,0),
	(1931,215,5,0),
	(1932,215,6,0),
	(1933,215,7,0),
	(1934,215,8,1),
	(1935,215,9,0),
	(1936,216,1,1),
	(1937,216,2,0),
	(1938,216,3,0),
	(1939,216,4,0),
	(1940,216,5,0),
	(1941,216,6,0),
	(1942,216,7,0),
	(1943,216,8,1),
	(1944,216,9,0),
	(1945,217,1,1),
	(1946,217,2,0),
	(1947,217,3,0),
	(1948,217,4,0),
	(1949,217,5,0),
	(1950,217,6,0),
	(1951,217,7,0),
	(1952,217,8,1),
	(1953,217,9,0),
	(1954,218,1,1),
	(1955,218,2,0),
	(1956,218,3,0),
	(1957,218,4,0),
	(1958,218,5,0),
	(1959,218,6,0),
	(1960,218,7,0),
	(1961,218,8,1),
	(1962,218,9,0),
	(1963,219,1,1),
	(1964,219,2,0),
	(1965,219,3,0),
	(1966,219,4,0),
	(1967,219,5,0),
	(1968,219,6,0),
	(1969,219,7,0),
	(1970,219,8,1),
	(1971,219,9,0),
	(1972,220,1,1),
	(1973,220,2,0),
	(1974,220,3,0),
	(1975,220,4,0),
	(1976,220,5,0),
	(1977,220,6,0),
	(1978,220,7,0),
	(1979,220,8,1),
	(1980,220,9,0),
	(1981,221,1,1),
	(1982,221,2,0),
	(1983,221,3,0),
	(1984,221,4,0),
	(1985,221,5,0),
	(1986,221,6,0),
	(1987,221,7,0),
	(1988,221,8,1),
	(1989,221,9,0),
	(1990,222,1,1),
	(1991,222,2,0),
	(1992,222,3,0),
	(1993,222,4,0),
	(1994,222,5,0),
	(1995,222,6,0),
	(1996,222,7,0),
	(1997,222,8,1),
	(1998,222,9,0),
	(1999,223,1,1),
	(2000,223,2,0),
	(2001,223,3,0),
	(2002,223,4,1),
	(2003,223,5,0),
	(2004,223,6,0),
	(2005,223,7,0),
	(2006,223,8,1),
	(2007,223,9,0),
	(2008,224,1,1),
	(2009,224,2,1),
	(2010,224,3,0),
	(2011,224,4,1),
	(2012,224,5,0),
	(2013,224,6,0),
	(2014,224,7,0),
	(2015,224,8,1),
	(2016,224,9,0),
	(2017,225,1,1),
	(2018,225,2,1),
	(2019,225,3,0),
	(2020,225,4,1),
	(2021,225,5,0),
	(2022,225,6,0),
	(2023,225,7,0),
	(2024,225,8,1),
	(2025,225,9,0),
	(2026,226,1,1),
	(2027,226,2,1),
	(2028,226,3,0),
	(2029,226,4,1),
	(2030,226,5,0),
	(2031,226,6,0),
	(2032,226,7,0),
	(2033,226,8,1),
	(2034,226,9,0),
	(2035,227,1,1),
	(2036,227,2,0),
	(2037,227,3,0),
	(2038,227,4,0),
	(2039,227,5,1),
	(2040,227,6,0),
	(2041,227,7,0),
	(2042,227,8,1),
	(2043,227,9,0),
	(2044,228,1,1),
	(2045,228,2,0),
	(2046,228,3,0),
	(2047,228,4,0),
	(2048,228,5,1),
	(2049,228,6,0),
	(2050,228,7,0),
	(2051,228,8,1),
	(2052,228,9,0),
	(2053,229,1,1),
	(2054,229,2,0),
	(2055,229,3,0),
	(2056,229,4,0),
	(2057,229,5,1),
	(2058,229,6,0),
	(2059,229,7,0),
	(2060,229,8,1),
	(2061,229,9,0),
	(2062,230,1,1),
	(2063,230,2,0),
	(2064,230,3,0),
	(2065,230,4,0),
	(2066,230,5,0),
	(2067,230,6,0),
	(2068,230,7,1),
	(2069,230,8,1),
	(2070,230,9,0),
	(2071,231,1,1),
	(2072,231,2,0),
	(2073,231,3,0),
	(2074,231,4,0),
	(2075,231,5,0),
	(2076,231,6,0),
	(2077,231,7,1),
	(2078,231,8,1),
	(2079,231,9,0),
	(2080,232,1,1),
	(2081,232,2,0),
	(2082,232,3,0),
	(2083,232,4,1),
	(2084,232,5,0),
	(2085,232,6,0),
	(2086,232,7,1),
	(2087,232,8,1),
	(2088,232,9,0),
	(2089,233,1,1),
	(2090,233,2,0),
	(2091,233,3,0),
	(2092,233,4,0),
	(2093,233,5,0),
	(2094,233,6,0),
	(2095,233,7,0),
	(2096,233,8,1),
	(2097,233,9,1);

/*!40000 ALTER TABLE `nbc_data` ENABLE KEYS */;
UNLOCK TABLES;


# Dump of table nbc_parameter
# ------------------------------------------------------------

DROP TABLE IF EXISTS `nbc_parameter`;

CREATE TABLE `nbc_parameter` (
  `id_parameter` tinyint(3) unsigned NOT NULL AUTO_INCREMENT,
  `id_atribut` tinyint(3) unsigned NOT NULL,
  `nilai` tinyint(3) unsigned NOT NULL,
  `parameter` varchar(100) NOT NULL,
  PRIMARY KEY (`id_parameter`)
) ENGINE=MyISAM DEFAULT CHARSET=utf8mb4;

LOCK TABLES `nbc_parameter` WRITE;
/*!40000 ALTER TABLE `nbc_parameter` DISABLE KEYS */;

INSERT INTO `nbc_parameter` (`id_parameter`, `id_atribut`, `nilai`, `parameter`)
VALUES
	(3,2,0,'tidak'),
	(4,2,1,'iya'),
	(5,3,0,'tidak'),
	(6,3,1,'iya'),
	(7,4,0,'tidak'),
	(8,4,1,'iya'),
	(9,5,0,'tidak'),
	(10,5,1,'iya'),
	(11,6,0,'tidak'),
	(12,6,1,'iya'),
	(13,7,0,'tidak'),
	(14,7,1,'iya'),
	(15,8,0,'tidak'),
	(16,8,1,'iya'),
	(17,9,0,'tidak'),
	(18,9,1,'iya'),
	(2,1,1,'melahirkan_cesar'),
	(1,1,0,'melahirkan_normal');

/*!40000 ALTER TABLE `nbc_parameter` ENABLE KEYS */;
UNLOCK TABLES;


# Dump of table nbc_responden
# ------------------------------------------------------------

DROP TABLE IF EXISTS `nbc_responden`;

CREATE TABLE `nbc_responden` (
  `id_responden` tinyint(3) unsigned NOT NULL AUTO_INCREMENT,
  `responden` varchar(50) DEFAULT NULL,
  PRIMARY KEY (`id_responden`)
) ENGINE=MyISAM DEFAULT CHARSET=utf8mb4;

LOCK TABLES `nbc_responden` WRITE;
/*!40000 ALTER TABLE `nbc_responden` DISABLE KEYS */;

INSERT INTO `nbc_responden` (`id_responden`, `responden`)
VALUES
	(1,'Pasien 1'),
	(2,'Pasien 2'),
	(3,'Pasien 3'),
	(4,'Pasien 4'),
	(5,'Pasien 5'),
	(6,'Pasien 6'),
	(7,'Pasien 7'),
	(8,'Pasien 8'),
	(9,'Pasien 9'),
	(10,'Pasien 10'),
	(11,'Pasien 11'),
	(12,'Pasien 12'),
	(13,'Pasien 13'),
	(14,'Pasien 14'),
	(15,'Pasien 15'),
	(16,'Pasien 16'),
	(17,'Pasien 17'),
	(18,'Pasien 18'),
	(19,'Pasien 19'),
	(20,'Pasien 20'),
	(21,'Pasien 21'),
	(22,'Pasien 22'),
	(23,'Pasien 23'),
	(24,'Pasien 24'),
	(25,'Pasien 25'),
	(26,'Pasien 26'),
	(27,'Pasien 27'),
	(28,'Pasien 28'),
	(29,'Pasien 29'),
	(30,'Pasien 30'),
	(31,'Pasien 31'),
	(32,'Pasien 32'),
	(33,'Pasien 33'),
	(34,'Pasien 34'),
	(35,'Pasien 35'),
	(36,'Pasien 36'),
	(37,'Pasien 37'),
	(38,'Pasien 38'),
	(39,'Pasien 39'),
	(40,'Pasien 40'),
	(41,'Pasien 41'),
	(42,'Pasien 42'),
	(43,'Pasien 43'),
	(44,'Pasien 44'),
	(45,'Pasien 45'),
	(46,'Pasien 46'),
	(47,'Pasien 47'),
	(48,'Pasien 48'),
	(49,'Pasien 49'),
	(50,'Pasien 50'),
	(51,'Pasien 51'),
	(52,'Pasien 52'),
	(53,'Pasien 53'),
	(54,'Pasien 54'),
	(55,'Pasien 55'),
	(56,'Pasien 56'),
	(57,'Pasien 57'),
	(58,'Pasien 58'),
	(59,'Pasien 59'),
	(60,'Pasien 60'),
	(61,'Pasien 61'),
	(62,'Pasien 62'),
	(63,'Pasien 63'),
	(64,'Pasien 64'),
	(65,'Pasien 65'),
	(66,'Pasien 66'),
	(67,'Pasien 67'),
	(68,'Pasien 68'),
	(69,'Pasien 69'),
	(70,'Pasien 70'),
	(71,'Pasien 71'),
	(72,'Pasien 72'),
	(73,'Pasien 73'),
	(74,'Pasien 74'),
	(75,'Pasien 75'),
	(76,'Pasien 76'),
	(77,'Pasien 77'),
	(78,'Pasien 78'),
	(79,'Pasien 79'),
	(80,'Pasien 80'),
	(81,'Pasien 81'),
	(82,'Pasien 82'),
	(83,'Pasien 83'),
	(84,'Pasien 84'),
	(85,'Pasien 85'),
	(86,'Pasien 86'),
	(87,'Pasien 87'),
	(88,'Pasien 88'),
	(89,'Pasien 89'),
	(90,'Pasien 90'),
	(91,'Pasien 91'),
	(92,'Pasien 92'),
	(93,'Pasien 93'),
	(94,'Pasien 94'),
	(95,'Pasien 95'),
	(96,'Pasien 96'),
	(97,'Pasien 97'),
	(98,'Pasien 98'),
	(99,'Pasien 99'),
	(100,'Pasien 100'),
	(101,'Pasien 101'),
	(102,'Pasien 102'),
	(103,'Pasien 103'),
	(104,'Pasien 104'),
	(105,'Pasien 105'),
	(106,'Pasien 106'),
	(107,'Pasien 107'),
	(108,'Pasien 108'),
	(109,'Pasien 109'),
	(110,'Pasien 110'),
	(111,'Pasien 111'),
	(112,'Pasien 112'),
	(113,'Pasien 113'),
	(114,'Pasien 114'),
	(115,'Pasien 115'),
	(116,'Pasien 116'),
	(117,'Pasien 117'),
	(118,'Pasien 118'),
	(119,'Pasien 119'),
	(120,'Pasien 120'),
	(121,'Pasien 121'),
	(122,'Pasien 122'),
	(123,'Pasien 123'),
	(124,'Pasien 124'),
	(125,'Pasien 125'),
	(126,'Pasien 126'),
	(127,'Pasien 127'),
	(128,'Pasien 128'),
	(129,'Pasien 129'),
	(130,'Pasien 130'),
	(131,'Pasien 131'),
	(132,'Pasien 132'),
	(133,'Pasien 133'),
	(134,'Pasien 134'),
	(135,'Pasien 135'),
	(136,'Pasien 136'),
	(137,'Pasien 137'),
	(138,'Pasien 138'),
	(139,'Pasien 139'),
	(140,'Pasien 140'),
	(141,'Pasien 141'),
	(142,'Pasien 142'),
	(143,'Pasien 143'),
	(144,'Pasien 144'),
	(145,'Pasien 145'),
	(146,'Pasien 146'),
	(147,'Pasien 147'),
	(148,'Pasien 148'),
	(149,'Pasien 149'),
	(150,'Pasien 150'),
	(151,'Pasien 151'),
	(152,'Pasien 152'),
	(153,'Pasien 153'),
	(154,'Pasien 154'),
	(155,'Pasien 155'),
	(156,'Pasien 156'),
	(157,'Pasien 157'),
	(158,'Pasien 158'),
	(159,'Pasien 159'),
	(160,'Pasien 160'),
	(161,'Pasien 161'),
	(162,'Pasien 162'),
	(163,'Pasien 163'),
	(164,'Pasien 164'),
	(165,'Pasien 165'),
	(166,'Pasien 166'),
	(167,'Pasien 167'),
	(168,'Pasien 168'),
	(169,'Pasien 169'),
	(170,'Pasien 170'),
	(171,'Pasien 171'),
	(172,'Pasien 172'),
	(173,'Pasien 173'),
	(174,'Pasien 174'),
	(175,'Pasien 175'),
	(176,'Pasien 176'),
	(177,'Pasien 177'),
	(178,'Pasien 178'),
	(179,'Pasien 179'),
	(180,'Pasien 180'),
	(181,'Pasien 181'),
	(182,'Pasien 182'),
	(183,'Pasien 183'),
	(184,'Pasien 184'),
	(185,'Pasien 185'),
	(186,'Pasien 186'),
	(187,'Pasien 187'),
	(188,'Pasien 188'),
	(189,'Pasien 189'),
	(190,'Pasien 190'),
	(191,'Pasien 191'),
	(192,'Pasien 192'),
	(193,'Pasien 193'),
	(194,'Pasien 194'),
	(195,'Pasien 195'),
	(196,'Pasien 196'),
	(197,'Pasien 197'),
	(198,'Pasien 198'),
	(199,'Pasien 199'),
	(200,'Pasien 200'),
	(201,'Pasien 201'),
	(202,'Pasien 202'),
	(203,'Pasien 203'),
	(204,'Pasien 204'),
	(205,'Pasien 205'),
	(206,'Pasien 206'),
	(207,'Pasien 207'),
	(208,'Pasien 208'),
	(209,'Pasien 209'),
	(210,'Pasien 210'),
	(211,'Pasien 211'),
	(212,'Pasien 212'),
	(213,'Pasien 213'),
	(214,'Pasien 214'),
	(215,'Pasien 215'),
	(216,'Pasien 216'),
	(217,'Pasien 217'),
	(218,'Pasien 218'),
	(219,'Pasien 219'),
	(220,'Pasien 220'),
	(221,'Pasien 221'),
	(222,'Pasien 222'),
	(223,'Pasien 223'),
	(224,'Pasien 224'),
	(225,'Pasien 225'),
	(226,'Pasien 226'),
	(227,'Pasien 227'),
	(228,'Pasien 228'),
	(229,'Pasien 229'),
	(230,'Pasien 230'),
	(231,'Pasien 231'),
	(232,'Pasien 232'),
	(233,'Pasien 233');

/*!40000 ALTER TABLE `nbc_responden` ENABLE KEYS */;
UNLOCK TABLES;


# Dump of table riwayat_pengujian
# ------------------------------------------------------------

DROP TABLE IF EXISTS `riwayat_pengujian`;

CREATE TABLE `riwayat_pengujian` (
  `id` int(11) unsigned NOT NULL AUTO_INCREMENT,
  `metode` varchar(3) DEFAULT NULL,
  `gejala` varchar(50) DEFAULT NULL,
  `pasien` varchar(50) DEFAULT NULL,
  `kesimpulan` varchar(25) DEFAULT NULL,
  PRIMARY KEY (`id`)
) ENGINE=InnoDB DEFAULT CHARSET=utf8mb4;

LOCK TABLES `riwayat_pengujian` WRITE;
/*!40000 ALTER TABLE `riwayat_pengujian` DISABLE KEYS */;

INSERT INTO `riwayat_pengujian` (`id`, `metode`, `gejala`, `pasien`, `kesimpulan`)
VALUES
	(1,'fc','2,8,16,4,6,10,12,23','Pasien','Persalinan Sectio Caesare'),
	(2,'fc','17,5,16,9,7,11,12,23','Pasien Uji','Persalinan Normal'),
	(4,'nbc','3,6,8,9,11,14,15,17','Pasien NB','Melahirkan Cesar'),
	(5,'fc','2,8,15,4,6,10,12,24','Pasien Front ENd','Persalinan Sectio Caesare'),
	(8,'nbc','3,6,8,9,11,14,16,17','Pasien Front ENd NBC','Melahirkan Cesar'),
	(9,'nbc','3,6,8,9,11,14,16,17','Pasien Front ENd NBC','Melahirkan Cesar'),
	(10,'fc','2,5,15,9,7,10,12,23','Nama FC FE','Persalinan Sectio Caesare'),
	(11,'nbc','3,6,7,10,12,14,16,17','Nama NBC FE','Melahirkan Cesar');

/*!40000 ALTER TABLE `riwayat_pengujian` ENABLE KEYS */;
UNLOCK TABLES;


# Dump of table rule_base_fc
# ------------------------------------------------------------

DROP TABLE IF EXISTS `rule_base_fc`;

CREATE TABLE `rule_base_fc` (
  `id` int(11) unsigned NOT NULL AUTO_INCREMENT,
  `id_penyakit` int(11) DEFAULT NULL,
  `rule_base` varchar(254) DEFAULT NULL,
  PRIMARY KEY (`id`)
) ENGINE=InnoDB DEFAULT CHARSET=utf8;

LOCK TABLES `rule_base_fc` WRITE;
/*!40000 ALTER TABLE `rule_base_fc` DISABLE KEYS */;

INSERT INTO `rule_base_fc` (`id`, `id_penyakit`, `rule_base`)
VALUES
	(1,1,';2;8;16;9;7;11;13;24;'),
	(3,1,';23;12;11;7;9;16;5;17;'),
	(5,1,';23;12;11;6;9;16;5;2;');

/*!40000 ALTER TABLE `rule_base_fc` ENABLE KEYS */;
UNLOCK TABLES;


# Dump of table solusi
# ------------------------------------------------------------

DROP TABLE IF EXISTS `solusi`;

CREATE TABLE `solusi` (
  `id_solusi` int(5) NOT NULL AUTO_INCREMENT,
  `nama_kerusakan` text NOT NULL,
  `penyebab` text NOT NULL,
  `solusi` text NOT NULL,
  `perawatan` text NOT NULL,
  PRIMARY KEY (`id_solusi`)
) ENGINE=InnoDB DEFAULT CHARSET=latin1;

LOCK TABLES `solusi` WRITE;
/*!40000 ALTER TABLE `solusi` DISABLE KEYS */;

INSERT INTO `solusi` (`id_solusi`, `nama_kerusakan`, `penyebab`, `solusi`, `perawatan`)
VALUES
	(2,'tidak teridentifikasi','-','-','-'),
	(3,'Operasi Sesar','pernah melakukan sesar','Operasi Sesar','perhatikan kehamilan');

/*!40000 ALTER TABLE `solusi` ENABLE KEYS */;
UNLOCK TABLES;



/*!40111 SET SQL_NOTES=@OLD_SQL_NOTES */;
/*!40101 SET SQL_MODE=@OLD_SQL_MODE */;
/*!40014 SET FOREIGN_KEY_CHECKS=@OLD_FOREIGN_KEY_CHECKS */;
/*!40101 SET CHARACTER_SET_CLIENT=@OLD_CHARACTER_SET_CLIENT */;
/*!40101 SET CHARACTER_SET_RESULTS=@OLD_CHARACTER_SET_RESULTS */;
/*!40101 SET COLLATION_CONNECTION=@OLD_COLLATION_CONNECTION */;
